COD_CURSO;COD_DISCIPLINA;COD_TURMA;PERIODO_IDEAL;NOME_DISCIPLINA;VAGAS_OFERECIDAS;DIA_SEMANA;HR_INICIO;HR_FIM;NUM_SALA;NOME_DOCENTE
GCIV;GCIV0820;790065;0;ACESSIBILIDADE A EDIFICAÇÕES E ESPAÇOS URBANOS;40;SEG;16:30:00;18:10:00;E-301;ANDREA SOUSA DA CUNHA FERNANDES
GEL;GELE7083;272549;8;ACIONAMENTOS ELÉTRICOS;30;QUA;15:25:00;18:10:00;E-313;JULIO CESAR DE CARVALHO FERREIRA
GAMB;GEAMB1311;131311;3;ADMINISTRAÇÃO;40;TER;18:10:00;19:50:00;E-405;AUGUSTO DA CUNHA REIS
GAUT;GEDA7001;655044;8;ADMINISTRAÇÃO;20;SEX;14:35:00;16:15:00;D-224;LUCIANO OLIVEIRA CARINO
GAUT;GEDA7001;655044;8;ADMINISTRAÇÃO;20;SEX;14:35:00;16:15:00;D-224;FERNANDO RAMOS CORREA
GCIV;GCIV8102;700006;1;ADMINISTRAÇÃO;5;SEG;12:50:00;14:30:00;E-415;ANDREA SOUSA DA CUNHA FERNANDES
GEL;GEDA7001;262547;8;ADMINISTRAÇÃO;20;SEX;14:35:00;16:15:00;D-224;FERNANDO RAMOS CORREA
GEL;GEDA7001;262547;8;ADMINISTRAÇÃO;20;SEX;14:35:00;16:15:00;D-224;LUCIANO OLIVEIRA CARINO
GELT;GEDA7001;362547;8;ADMINISTRAÇÃO;25;SEX;14:35:00;16:15:00;D-224;LUCIANO OLIVEIRA CARINO
GELT;GEDA7001;362547;8;ADMINISTRAÇÃO;25;SEX;14:35:00;16:15:00;D-224;FERNANDO RAMOS CORREA
GMEC;GEDA7001;110205;2;ADMINISTRAÇÃO;50;QUA;10:40:00;12:20:00;D-222;MARCELO SAMPAIO DIAS MACIEL
GTEL;GEDA7001;562547;8;ADMINISTRAÇÃO;25;SEX;14:35:00;16:15:00;D-224;LUCIANO OLIVEIRA CARINO
GTEL;GEDA7001;562547;8;ADMINISTRAÇÃO;25;SEX;14:35:00;16:15:00;D-224;FERNANDO RAMOS CORREA
GADM;GADM1761;851761;6;ADMINISTRAÇÃO DA PRODUÇÃO;55;SEG;18:10:00;21:30:00;H-102;ALEXANDRE BARBOSA MARQUES
BCC;GCC1522;951522;5;ADMINISTRAÇÃO DE BANCO DE DADOS;40;SEG;14:35:00;18:10:00;P1-103;JORGE DE ABREU SOARES
BCC;GADM1726;990002;0;ADMINISTRAÇÃO DE MATERIAIS;5;SEX;08:55:00;12:20:00;E-403;MARCUS VAL SPRINGER
GADM;GADM1726;821726;2;ADMINISTRAÇÃO DE MATERIAIS;60;SEX;08:55:00;12:20:00;E-403;MARCUS VAL SPRINGER
GADM;GADM1732;831732;3;ADMINISTRAÇÃO DE VAREJO;55;SEG;12:50:00;15:25:00;E-307;PAULO HENRIQUE PINHO DE OLIVEIRA
GADM;GADM1742;841742;4;ADMINISTRAÇÃO DE VENDAS E SERVIÇOS;55;QUI;12:50:00;15:25:00;E-405;PAULO HENRIQUE PINHO DE OLIVEIRA
GADM;GADM1756;851756;5;ADMINISTRAÇÃO FINANCEIRA E ORÇAMENTÁRIA I;55;SEX;15:25:00;18:10:00;E-403;LUIZ ROGERIO CORDEIRO DE OLIVEIRA
GADM;GADM1766;851766;6;ADMINISTRAÇÃO FINANCEIRA E ORÇAMENTÁRIA II;55;QUI;19:50:00;22:20:00;E-305;FABIO DE SIMONE E SOUZA
GCIV;GCIV0821;700011;0;AEROPORTOS;30;QUI;19:50:00;21:30:00;D-218;EUNICE HORACIO DE SOUZA DE BARROS TEIXEIRA RODRIGUES
BCC;GEXT7501;910002;1;ÁLGEBRA LINEAR I;15;TER;18:10:00;19:50:00;H-102;NILO PINTO DA SILVA FILHO
GAMB;GEXT7501;162002;1;ÁLGEBRA LINEAR I;15;TER;18:10:00;19:50:00;E-305;ARUQUIA BARBOSA MATOS PEIXOTO
GAUT;GEXT7501;650005;1;ÁLGEBRA LINEAR I;5;QUA;16:30:00;18:10:00;E-307;ALEXANDRE TOMAN
GCIV;GEXT7501;700005;1;ÁLGEBRA LINEAR I;16;QUI;13:40:00;15:25:00;H-104;CRISTIANE PINHO GUEDES
GEL;GMAT1003MA;201021;1;ÁLGEBRA LINEAR I;10;SEG;16:30:00;18:10:00;H-102;ROBERTO SOUZA SA BARRETO
GELT;GEXT7501;301021;1;ÁLGEBRA LINEAR I;6;SEG;16:30:00;18:10:00;H-102;ROBERTO SOUZA SA BARRETO
GFIS;GMAT1003MA;217501;1;ÁLGEBRA LINEAR I;5;SEG;12:50:00;14:30:00;E-305;CRISTIANE PINHO GUEDES
GMEC;GMAT1003MA;101021-A;1;ÁLGEBRA LINEAR I;20;QUA;10:40:00;12:20:00;H-102;ROBERTO SOUZA SA BARRETO
GPROD;GMAT1003MA;417501;1;ÁLGEBRA LINEAR I;20;SEX;10:40:00;12:20:00;H-101;JOSE CARLOS RUBIANES SILVA
GTEL;GMAT1003MA;501021;1;ÁLGEBRA LINEAR I;5;QUA;16:30:00;18:10:00;E-307;ALEXANDRE TOMAN
BCC;GEXT7502;920002;2;ÁLGEBRA LINEAR II;45;QUI;15:25:00;18:10:00;H-101;JOSE CARLOS RUBIANES SILVA
GAMB;GEXT7502;127502;2;ÁLGEBRA LINEAR II;46;TER;15:25:00;18:10:00;H-105;ARUQUIA BARBOSA MATOS PEIXOTO
GAUT;GEXT7502;651011;2;ÁLGEBRA LINEAR II;25;QUI;12:50:00;15:25:00;E-301;MARCOS OLIVEIRA DE PINHO
GCIV;GEXT7502;710003;2;ÁLGEBRA LINEAR II;50;QUI;12:50:00;15:25:00;H-101;ANNA REGINA CORBO COSTA
GEL;GEXT7502;212113;2;ÁLGEBRA LINEAR II;25;QUA;12:50:00;15:25:00;E-301;ARUQUIA BARBOSA MATOS PEIXOTO
GELT;GEXT7502;312113;2;ÁLGEBRA LINEAR II;25;QUA;12:50:00;15:25:00;E-301;ARUQUIA BARBOSA MATOS PEIXOTO
GFIS;GEXT7502;218304;2;ÁLGEBRA LINEAR II;5;TER;15:25:00;18:10:00;H-105;ARUQUIA BARBOSA MATOS PEIXOTO
GMEC;GEXT7502;110213;2;ÁLGEBRA LINEAR II;50;QUI;09:45:00;12:20:00;E-301;ANNA REGINA CORBO COSTA
GPROD;GEXT7502;410038;2;ÁLGEBRA LINEAR II;55;SEG;07:00:00;09:45:00;E-303;ANDRE LUIZ CORDEIRO DOS SANTOS
GTEL;GEXT7502;510122;2;ÁLGEBRA LINEAR II;25;QUI;12:50:00;15:25:00;E-301;MARCOS OLIVEIRA DE PINHO
BCC;GCC1627;901627;6;ALGORITMOS EM GRAFOS;40;QUA;18:10:00;21:30:00;P1-203;DIEGO NUNES BRANDAO
GLEA;GLEA1855;011855;5;ANÁLISE DA POLÍTICA EXTERNA BRASILEIRA;40;TER;08:55:00;12:20:00;CAMPIII201;FELIPE VIDAL BENVENUTO ALBERTO
GADM;GADM1725;821725;2;ANÁLISE DE DEMONSTRATIVOS;55;QUA;08:55:00;12:20:00;E-209;ANDREA ALVES SILVEIRA MONTEIRO
GMEC;GMEC7604;195000;0;ANÁLISE DE FONTES ALTERNATIVAS DE ENERGIA;30;QUA;18:10:00;21:30:00;E-303;THIAGO DE OLIVEIRA MACEDO
GPROD;GPRO7842;417842;0;ANÁLISE DE REDES SOCIAIS;15;TER;09:45:00;12:20:00;E-512;RAFAEL GARCIA BARBASTEFANO
GEL;GELE7081;272550;8;ANÁLISE DE SISTEMAS DE POTENCIA I;30;QUA;18:10:00;19:50:00;LAB-2;JULIO CESAR DE CARVALHO FERREIRA
GEL;GELE7095;292568;9;ANÁLISE DE SISTEMAS DE POTÊNCIA II;30;TER;18:10:00;20:40:00;D-314;THIAGO AMERICANO DO BRASIL
BCC;GCC1416;940004;4;ANÁLISE E PROJETO DE SISTEMAS;40;QUA;18:10:00;21:30:00;P1-104;CARMEN LUCIA ASP DE QUEIROZ
GPROD;GPRO7827;407827;10;ANÁLISE ORGANIZACIONAL;40;QUA;17:20:00;19:50:00;E-301;ANA LUIZA LIMA DE SOUZA
GAMB;GEAMB1625;161625;6;ANALISES FÍSICO-QUÍMICAS 1;30;TER;18:10:00;21:30:00;CAMPIII201;HELENA RODRIGUES OLIVEIRA
GAMB;GEAMB1732;171732;7;ANÁLISES FÍSICO-QUÍMICAS 2;30;SEG;19:00:00;22:20:00;B-211;RODRIGO DA SILVA MACHADO
GAMB;GEAMB1727;171727;7;ANÁLISES MICROBIOLÓGICAS;30;TER;18:10:00;21:30:00;D-320;MARCELO BORGES ROCHA
GTEL;GELE7291;580531;9;ANTENAS;50;QUI;14:35:00;18:10:00;E-204;GILSON ALVES DE ALENCAR
BCC;GCC1932;910006;0;APRENDIZADO DE MÁQUINA;20;QUI;07:50:00;11:30:00;E-512;EDUARDO BEZERRA DA SILVA
BCC;GCC1102;910004;1;ARQUITETURA DE COMPUTADORES;10;TER;14:35:00;18:10:00;P1-203;GLAUCO FIOROTT AMORIM
BCC;GCC1519;951519;5;ARQUITETURA DE LINGUAGENS DE PROGRAMAÇÃO;40;QUI;18:10:00;21:30:00;P1-204;RENATHA OLIVA CAPUA
BCC;GCC1520;951520;5;ARQUITETURA E PADRÕES DE SOFTWARE;40;QUI;14:35:00;18:10:00;P1-205;MARCELO AREAS RODRIGUES DA SILVA
GCIV;GCIV8402;730023;4;ARQUITETURA E URBANISMO I;45;SEG;18:10:00;20:40:00;D-214;ROSANA DISCHINGER MIRANDA
GCIV;GCIV8504;740032;5;ARQUITETURA E URBANISMO II;45;TER;18:10:00;20:40:00;D-200;ROSANA DISCHINGER MIRANDA
GCIV;GCIV8504;Esp Arq Ur;5;ARQUITETURA E URBANISMO II;15;SEG;15:35:00;18:10:00;D.LABCIVIL;ROSANA DISCHINGER MIRANDA
BCC;GCC1206;920004;2;ARQUITETURAS AVANÇADAS DE COMPUTADORES;40;SEX;16:30:00;18:10:00;P1-205;RONILSON WILLIAME DA SILVA PEREIRA
GLEA;GLEA2006MA;011058;0;ARTE E TURISMO EM ESPAÇÕES CULTURAIS;15;SEX;12:50:00;14:30:00;E-401;MARCELE LINHARES VIANA
GMEC;AEEGRAD;AEEGRAD-MC;0;ATENDIMENTO EDUCACIONAL ESPECIALIZADO;1;SEG;07:50:00;08:40:00;;LIVIA DE LAURO ANTUNES
GLEA;GLEA1883;111883;8;ATIVIDADES ACADÊMICAS CIENTÍFICO-CULTURAIS;40;SEG;16:30:00;19:50:00;;ADRIANA ORTEGA CLIMACO
BCC;GCC1842;940007;8;ATIVIDADES COMPLEMENTARES;50;;;;;CAROLINA DE LIMA AGUILAR
GADM;GADM1784;871784;8;ATIVIDADES COMPLEMENTARES;100;;;;;CARMELITA SENO CARDEIRA ALVES
GAMB;GEAMB1045;190007;10;ATIVIDADES COMPLEMENTARES;40;;;;;JAQUELINE MARIA RIBEIRO VIEIRA
GPROD;GPRO7861;490019;10;ATIVIDADES COMPLEMENTARES;30;;;;;PAULA MICHELLE PURCIDONIO
GAUT;GELE7105;658003;9;AUTOMAÇÃO DE SISTEMAS;30;TER;18:10:00;19:00:00;E-201;THIAGO MONTEIRO TUXI
GAUT;GELE7105;658003;9;AUTOMAÇÃO DE SISTEMAS;30;TER;19:00:00;20:40:00;E-201;THIAGO MONTEIRO TUXI
GAMB;GPRO7836;190008;0;AVALIAÇÃO DE CICLO DE VIDA DE PRODUTOS;5;QUA;13:40:00;16:15:00;E-514;LEYDERVAN DE SOUZA XAVIER
GPROD;GPRO7836;407836;0;AVALIAÇÃO DE CICLO DE VIDA DE PRODUTOS;10;QUA;13:40:00;16:15:00;E-514;LEYDERVAN DE SOUZA XAVIER
GAMB;GEAMB1103;152005;1;BIOLOGIA AMBIENTAL;11;QUA;14:35:00;18:10:00;E-305;MARIA JOSE PAES SANTOS
GFIS;GEAMB1103;239000;0;BIOLOGIA AMBIENTAL;5;QUA;14:35:00;18:10:00;E-305;MARIA JOSE PAES SANTOS
GAMB;GEAMB1514;151514;5;BIOQUÍMICA AMBIENTAL;30;SEG;18:10:00;21:30:00;E-415;MARCELO BORGES ROCHA
BCC;GEXT7301;910001;1;CÁLCULO A UMA VARIÁVEL;15;QUI;12:50:00;14:30:00;H-103;PEDRO FERRAZ VILLELA
BCC;GEXT7301;910001;1;CÁLCULO A UMA VARIÁVEL;15;SEX;14:35:00;17:20:00;H-101;PEDRO FERRAZ VILLELA
GAMB;GEXT7301;162001;1;CÁLCULO A UMA VARIÁVEL;15;QUI;14:35:00;17:20:00;H-103;PEDRO FERRAZ VILLELA
GAMB;GEXT7301;162001;1;CÁLCULO A UMA VARIÁVEL;15;SEX;12:50:00;14:30:00;H-101;PEDRO FERRAZ VILLELA
GAUT;GEXT7301;650002;1;CÁLCULO A UMA VARIÁVEL;5;SEG;13:40:00;16:15:00;H-102;ROBERTO SOUZA SA BARRETO
GAUT;GEXT7301;650002;1;CÁLCULO A UMA VARIÁVEL;5;QUA;12:50:00;14:30:00;H-102;ROBERTO SOUZA SA BARRETO
GCIV;GEXT7301;700002;1;CÁLCULO A UMA VARIÁVEL;16;SEG;14:35:00;16:15:00;H-104;CRISTIANE PINHO GUEDES
GCIV;GEXT7301;700002;1;CÁLCULO A UMA VARIÁVEL;16;QUI;15:25:00;18:10:00;H-104;CRISTIANE PINHO GUEDES
GEL;GMAT1001MA;201020;1;CÁLCULO A UMA VARIÁVEL;5;QUI;14:35:00;16:15:00;H-105;ALEXANDRE DE SOUZA SOARES
GEL;GMAT1001MA;201020;1;CÁLCULO A UMA VARIÁVEL;5;SEG;13:40:00;16:15:00;H-101;ALEXANDRE DE SOUZA SOARES
GELT;GEXT7301;301020;1;CÁLCULO A UMA VARIÁVEL;5;SEG;13:40:00;16:25:00;H-101;ALEXANDRE DE SOUZA SOARES
GELT;GEXT7301;301020;1;CÁLCULO A UMA VARIÁVEL;5;QUI;14:35:00;16:15:00;H-105;ALEXANDRE DE SOUZA SOARES
GFIS;GMAT1001MA;217301;1;CÁLCULO A UMA VARIÁVEL;5;TER;09:45:00;12:20:00;H-103;ELIZABETH MENDES DE OLIVEIRA
GFIS;GMAT1001MA;217301;1;CÁLCULO A UMA VARIÁVEL;5;QUA;10:40:00;12:20:00;H-105;ELIZABETH MENDES DE OLIVEIRA
GMEC;GMAT1001MA;101027-A;1;CÁLCULO A UMA VARIÁVEL;20;QUA;07:00:00;09:45:00;H-103;JOSE CARLOS RUBIANES SILVA
GMEC;GMAT1001MA;101027-A;1;CÁLCULO A UMA VARIÁVEL;20;SEX;08:55:00;10:35:00;H-101;JOSE CARLOS RUBIANES SILVA
GPROD;GMAT1001MA;417301;1;CÁLCULO A UMA VARIÁVEL;20;TER;07:00:00;09:45:00;H-101;ELIZABETH MENDES DE OLIVEIRA
GPROD;GMAT1001MA;417301;1;CÁLCULO A UMA VARIÁVEL;20;QUA;08:55:00;10:35:00;H-105;ELIZABETH MENDES DE OLIVEIRA
GPROD;GEXT7301;Esp2 Cal1;1;CÁLCULO A UMA VARIÁVEL;50;TER;12:50:00;14:30:00;A-301;ALCINDO MARCIO SANTOS DE MIRANDA
GPROD;GEXT7301;Esp2 Cal1;1;CÁLCULO A UMA VARIÁVEL;50;QUI;14:35:00;17:20:00;A-301;ALCINDO MARCIO SANTOS DE MIRANDA
GPROD;GEXT7301;Esp Calc 1;1;CÁLCULO A UMA VARIÁVEL;25;SEG;18:10:00;19:50:00;CAMPIII204;GUSTAVO ADOLFO MARTINS JOTTA SOARES
GPROD;GEXT7301;Esp Calc 1;1;CÁLCULO A UMA VARIÁVEL;25;QUI;18:10:00;20:40:00;CAMPIII204;GUSTAVO ADOLFO MARTINS JOTTA SOARES
GTEL;GMAT1001MA;501020;1;CÁLCULO A UMA VARIÁVEL;5;SEG;13:40:00;16:15:00;H-102;ROBERTO SOUZA SA BARRETO
GTEL;GMAT1001MA;501020;1;CÁLCULO A UMA VARIÁVEL;5;QUA;12:50:00;14:30:00;H-102;ROBERTO SOUZA SA BARRETO
GTEL;GEXT7301;Esp Calc 1;1;CÁLCULO A UMA VARIÁVEL;50;TER;09:45:00;12:20:00;H-105;ELIZABETH MENDES DE OLIVEIRA
GTEL;GEXT7301;Esp Calc 1;1;CÁLCULO A UMA VARIÁVEL;50;QUA;10:40:00;12:20:00;H-103;ELIZABETH MENDES DE OLIVEIRA
BCC;GEXT7302;920001;2;CÁLCULO A VÁRIAS VARIÁVEIS;50;TER;14:35:00;16:15:00;H-104;OLIVIA TERRA COUTO
BCC;GEXT7302;920001;2;CÁLCULO A VÁRIAS VARIÁVEIS;50;QUA;14:35:00;16:15:00;D-222;OLIVIA TERRA COUTO
GAMB;GEXT7302;127302-A;2;CÁLCULO A VÁRIAS VARIÁVEIS;50;QUI;15:25:00;17:20:00;D-224;GUILHERME BRAGA DE JESUS
GAMB;GEXT7302;127302-A;2;CÁLCULO A VÁRIAS VARIÁVEIS;50;SEX;14:35:00;16:15:00;H-103;GUILHERME BRAGA DE JESUS
GAUT;GEXT7302;651009;2;CÁLCULO A VÁRIAS VARIÁVEIS;20;TER;12:50:00;16:15:00;E-301;RODRIGO TOSTA PERES
GCIV;GEXT7302;710001;2;CÁLCULO A VÁRIAS VARIÁVEIS;50;QUA;12:50:00;14:30:00;H-101;ROBERTO CARLOS ANTUNES THOME
GCIV;GEXT7302;710001;2;CÁLCULO A VÁRIAS VARIÁVEIS;50;QUI;15:25:00;17:20:00;H-102;ROBERTO CARLOS ANTUNES THOME
GEL;GEXT7302;212105;2;CÁLCULO A VÁRIAS VARIÁVEIS;25;QUI;18:10:00;19:50:00;H-102;ROBERTO CARLOS ANTUNES THOME
GEL;GEXT7302;212105;2;CÁLCULO A VÁRIAS VARIÁVEIS;25;QUA;18:10:00;19:50:00;H-103;ROBERTO CARLOS ANTUNES THOME
GELT;GEXT7302;312105;2;CÁLCULO A VÁRIAS VARIÁVEIS;25;QUA;18:10:00;19:50:00;H-103;ROBERTO CARLOS ANTUNES THOME
GELT;GEXT7302;312105;2;CÁLCULO A VÁRIAS VARIÁVEIS;25;QUI;18:10:00;19:50:00;H-102;ROBERTO CARLOS ANTUNES THOME
GFIS;GEXT7302;217302;2;CÁLCULO A VÁRIAS VARIÁVEIS;20;SEG;07:00:00;08:40:00;H-101;HELDER MANOEL VENCESLAU
GFIS;GEXT7302;217302;2;CÁLCULO A VÁRIAS VARIÁVEIS;20;TER;07:00:00;08:40:00;D-226;HELDER MANOEL VENCESLAU
GMEC;GEXT7302;110191;2;CÁLCULO A VÁRIAS VARIÁVEIS;55;SEG;07:00:00;08:40:00;H-101;HELDER MANOEL VENCESLAU
GMEC;GEXT7302;110191;2;CÁLCULO A VÁRIAS VARIÁVEIS;55;TER;07:00:00;08:40:00;D-226;HELDER MANOEL VENCESLAU
GPROD;GEXT7302;410011;2;CÁLCULO A VÁRIAS VARIÁVEIS;55;SEG;09:45:00;11:30:00;H-104;HELDER MANOEL VENCESLAU
GPROD;GEXT7302;410011;2;CÁLCULO A VÁRIAS VARIÁVEIS;55;TER;08:55:00;10:35:00;D-226;HELDER MANOEL VENCESLAU
GTEL;GEXT7302;510106;2;CÁLCULO A VÁRIAS VARIÁVEIS;20;TER;12:50:00;16:15:00;E-301;RODRIGO TOSTA PERES
GEL;GELE7304;272253;7;CÁLCULO ELÉTRICO DE LINHAS DE TRANSMISSÃO;20;QUA;16:30:00;18:10:00;Pav. VI 01;JOAO AMIN MOOR NETO
GADM;GMAT1009MA;811714;1;CÁLCULO I;9;SEG;09:45:00;12:20:00;H-101;ALEXANDRE TOMAN
GADM;GMAT1009MA;811714;1;CÁLCULO I;9;SEG;09:45:00;12:20:00;H-101;RODRIGO TOSTA PERES
GADM;GADM1724;821724;2;CÁLCULO II;55;QUA;07:50:00;08:40:00;;RODRIGO TOSTA PERES
GADM;GADM1724;821724;2;CÁLCULO II;55;TER;09:45:00;12:20:00;H-101;RODRIGO TOSTA PERES
GEL;GELE7305;262514;7;CÁLCULO MECÂNICO DE LINHAS DE TRANSMISSÃO;30;QUI;16:30:00;19:00:00;CAMPIII205;ARTHUR MASSARI FILHO
BCC;GEXT7402;940001;4;CÁLCULO NUMÉRICO;40;QUA;14:35:00;16:15:00;E-415;HELDER MANOEL VENCESLAU
BCC;GEXT7402;940001;4;CÁLCULO NUMÉRICO;40;QUA;12:50:00;14:30:00;E-306;HELDER MANOEL VENCESLAU
GAMB;GEXT7402;147402;4;CÁLCULO NUMÉRICO;40;QUA;16:30:00;18:10:00;H-105;ARUQUIA BARBOSA MATOS PEIXOTO
GAMB;GEXT7402;147402;4;CÁLCULO NUMÉRICO;40;QUA;18:10:00;19:50:00;E-306;ARUQUIA BARBOSA MATOS PEIXOTO
GAUT;GEXT7402;652023;3;CÁLCULO NUMÉRICO;20;SEG;14:35:00;16:15:00;E-306;WAGNER PIMENTEL
GAUT;GEXT7402;652023;3;CÁLCULO NUMÉRICO;20;QUA;16:30:00;18:10:00;E-415;WAGNER PIMENTEL
GCIV;GEXT7402;720012;3;CÁLCULO NUMÉRICO;40;QUA;12:50:00;14:30:00;E-415;GUILHERME BRAGA DE JESUS
GCIV;GEXT7402;720012;3;CÁLCULO NUMÉRICO;40;SEX;16:30:00;18:10:00;E-306;GUILHERME BRAGA DE JESUS
GEL;GEXT7402;222202;3;CÁLCULO NUMÉRICO;20;QUA;18:10:00;19:50:00;E-415;WAGNER PIMENTEL
GEL;GEXT7402;222202;3;CÁLCULO NUMÉRICO;20;SEG;16:15:00;18:10:00;E-306;WAGNER PIMENTEL
GELT;GEXT7402;322202;3;CÁLCULO NUMÉRICO;20;SEG;16:15:00;18:10:00;E-306;WAGNER PIMENTEL
GELT;GEXT7402;322202;3;CÁLCULO NUMÉRICO;20;QUA;18:10:00;19:50:00;E-415;WAGNER PIMENTEL
GMEC;GEXT7402;Esp Cal Nu;3;CÁLCULO NUMÉRICO;20;TER;19:50:00;21:30:00;E-305;ARUQUIA BARBOSA MATOS PEIXOTO
GMEC;GEXT7402;Esp Cal Nu;3;CÁLCULO NUMÉRICO;20;QUA;19:50:00;21:30:00;E-306;ARUQUIA BARBOSA MATOS PEIXOTO
GMEC;GEXT7402;120302;3;CÁLCULO NUMÉRICO;40;QUI;07:00:00;08:40:00;E-305;NATALIA PUJOL PACHECO SILVEIRA
GMEC;GEXT7402;120302;3;CÁLCULO NUMÉRICO;40;QUI;08:55:00;10:35:00;E-306;NATALIA PUJOL PACHECO SILVEIRA
GPROD;GEXT7402;420068;3;CÁLCULO NUMÉRICO;39;QUI;10:40:00;12:20:00;E-306;NATALIA PUJOL PACHECO SILVEIRA
GPROD;GEXT7402;420068;3;CÁLCULO NUMÉRICO;39;TER;10:40:00;12:20:00;E-305;NATALIA PUJOL PACHECO SILVEIRA
GPROD;GEXT7402;Esp Cal Nu;3;CÁLCULO NUMÉRICO;20;TER;19:50:00;21:30:00;E-305;ARUQUIA BARBOSA MATOS PEIXOTO
GPROD;GEXT7402;Esp Cal Nu;3;CÁLCULO NUMÉRICO;20;QUA;19:50:00;21:30:00;E-306;ARUQUIA BARBOSA MATOS PEIXOTO
GTEL;GEXT7402;520238;3;CÁLCULO NUMÉRICO;20;SEG;14:35:00;16:15:00;E-306;WAGNER PIMENTEL
GTEL;GEXT7402;520238;3;CÁLCULO NUMÉRICO;20;QUA;16:30:00;18:10:00;E-415;WAGNER PIMENTEL
GAMB;GEXT7503;137503;3;CÁLCULO VETORIAL;50;QUA;18:10:00;19:50:00;H-104;ALEXANDRE TOMAN
GAUT;GEXT7503;652016;3;CÁLCULO VETORIAL;20;QUI;18:10:00;19:50:00;CAMPIII203;MARCOS HENRIQUE DA SILVA BASSANI
GCIV;GEXT7503;720011;3;CÁLCULO VETORIAL;50;QUA;16:30:00;18:10:00;H-103;ROBERTO CARLOS ANTUNES THOME
GEL;GEXT7503;222210;3;CÁLCULO VETORIAL;25;SEG;10:40:00;12:20:00;E-301;OLIVIA TERRA COUTO
GELT;GEXT7503;322210;3;CÁLCULO VETORIAL;25;SEG;10:40:00;12:20:00;E-301;OLIVIA TERRA COUTO
GMEC;GEXT7503;120264;3;CÁLCULO VETORIAL;40;SEX;08:55:00;10:35:00;E-301;DAYSE HAIME PASTORE
GPROD;GEXT7503;420064;3;CÁLCULO VETORIAL;50;QUA;10:40:00;12:20:00;CAMPIII201;GUILHERME BRAGA DE JESUS
GTEL;GEXT7503;520173;3;CÁLCULO VETORIAL;25;QUI;18:10:00;19:50:00;CAMPIII203;MARCOS HENRIQUE DA SILVA BASSANI
GAMB;GEAMB1516;151516;5;CARTOGRAFIA E GEOPROCESSAMENTO;30;QUI;14:35:00;18:10:00;D-218;ALINE RICCIONI DE MELOS
GAMB;GEAMB1516;151516;5;CARTOGRAFIA E GEOPROCESSAMENTO;30;QUI;14:35:00;18:10:00;D-218;TAMIRIS BATISTA DINIZ
BCC;GCC1209;920010;2;CIÊNCIAS AMBIENTAIS;40;TER;16:30:00;18:10:00;P1-204;ALINE GUIMARAES MONTEIRO TRIGO
GAUT;GEXT7201;654319;5;CIÊNCIAS DO AMBIENTE;25;QUI;15:25:00;17:20:00;E-301;ALINE GUIMARAES MONTEIRO TRIGO
GCIV;GEXT7201;710007;2;CIÊNCIAS DO AMBIENTE;45;TER;13:40:00;15:25:00;E-303;ALINE GUIMARAES MONTEIRO TRIGO
GEL;GEXT7201;242319;5;CIÊNCIAS DO AMBIENTE;25;QUI;15:25:00;17:20:00;D-222;LUIZA CANTUARIA COSTA
GELT;GEXT7201;342319;5;CIÊNCIAS DO AMBIENTE;25;TER;12:50:00;14:30:00;E-405;LUIZA CANTUARIA COSTA
GMEC;GEXT7201;140002;5;CIÊNCIAS DO AMBIENTE;40;QUI;07:00:00;08:40:00;E-209;LUIZA CANTUARIA COSTA
GPROD;GEXT7201;440081;5;CIÊNCIAS DO AMBIENTE;55;QUI;08:55:00;10:35:00;H-105;LUIZA CANTUARIA COSTA
GTEL;GEXT7201;540319;5;CIÊNCIAS DO AMBIENTE;25;TER;14:35:00;16:15:00;E-403;LUIZA CANTUARIA COSTA
GAUT;GELE7051;653029;4;CIRCUITOS ELÉTRICOS I;12;TER;08:55:00;10:35:00;E-210;ALINE GESUALDI MANHAES
GAUT;GELE7051;653029;4;CIRCUITOS ELÉTRICOS I;12;TER;08:55:00;10:35:00;E-210;THAYZA MARCELA VAN DER LAAN MELO
GAUT;GELE7051;653029;4;CIRCUITOS ELÉTRICOS I;12;SEX;08:55:00;12:20:00;D-224;ALINE GESUALDI MANHAES
GAUT;GELE7051;653029;4;CIRCUITOS ELÉTRICOS I;12;SEX;08:55:00;12:20:00;D-224;THAYZA MARCELA VAN DER LAAN MELO
GEL;GELE7051;232289;4;CIRCUITOS ELÉTRICOS I;12;TER;10:40:00;12:20:00;E-210;THAYZA MARCELA VAN DER LAAN MELO
GEL;GELE7051;232289;4;CIRCUITOS ELÉTRICOS I;12;TER;10:40:00;12:20:00;E-210;ALINE GESUALDI MANHAES
GEL;GELE7051;232289;4;CIRCUITOS ELÉTRICOS I;12;SEX;08:55:00;12:20:00;D-224;THAYZA MARCELA VAN DER LAAN MELO
GEL;GELE7051;232289;4;CIRCUITOS ELÉTRICOS I;12;SEX;08:55:00;12:20:00;D-224;ALINE GESUALDI MANHAES
GELT;GELE7051;Esp Circ 1;4;CIRCUITOS ELÉTRICOS I;10;TER;07:00:00;08:45:00;E-210;ALINE GESUALDI MANHAES
GELT;GELE7051;Esp Circ 1;4;CIRCUITOS ELÉTRICOS I;10;SEX;08:55:00;12:20:00;CAMPIII203;ALINE GESUALDI MANHAES
GELT;GELE7051;332290;4;CIRCUITOS ELÉTRICOS I;12;SEG;10:40:00;12:20:00;E-210;ALINE GESUALDI MANHAES
GELT;GELE7051;332290;4;CIRCUITOS ELÉTRICOS I;12;SEG;10:40:00;12:20:00;E-210;THAYZA MARCELA VAN DER LAAN MELO
GELT;GELE7051;332290;4;CIRCUITOS ELÉTRICOS I;12;SEX;08:55:00;12:20:00;D-224;ALINE GESUALDI MANHAES
GELT;GELE7051;332290;4;CIRCUITOS ELÉTRICOS I;12;SEX;08:55:00;12:20:00;D-224;THAYZA MARCELA VAN DER LAAN MELO
GTEL;GELE7051;530271;4;CIRCUITOS ELÉTRICOS I;7;SEG;08:55:00;10:35:00;E-210;ALINE GESUALDI MANHAES
GTEL;GELE7051;530271;4;CIRCUITOS ELÉTRICOS I;7;SEG;08:55:00;10:35:00;E-210;THAYZA MARCELA VAN DER LAAN MELO
GTEL;GELE7051;530271;4;CIRCUITOS ELÉTRICOS I;7;SEX;08:55:00;12:20:00;D-224;ALINE GESUALDI MANHAES
GTEL;GELE7051;530271;4;CIRCUITOS ELÉTRICOS I;7;SEX;08:55:00;12:20:00;D-224;THAYZA MARCELA VAN DER LAAN MELO
GAUT;GELE7061;654034;5;CIRCUITOS ELÉTRICOS II;16;QUI;09:45:00;11:30:00;E-210;ANA FLAVIA PEIXOTO DE CAMARGOS
GAUT;GELE7061;654034;5;CIRCUITOS ELÉTRICOS II;16;QUI;12:50:00;15:25:00;H-102;ANA FLAVIA PEIXOTO DE CAMARGOS
GEL;GELE7061;242321;5;CIRCUITOS ELÉTRICOS II;15;TER;09:45:00;11:30:00;E-212;ARTHUR MASSARI FILHO
GEL;GELE7061;242321;5;CIRCUITOS ELÉTRICOS II;15;QUI;12:50:00;15:25:00;CAMPIII205;ARTHUR MASSARI FILHO
GELT;GELE7061;342322;5;CIRCUITOS ELÉTRICOS II;16;SEG;13:40:00;15:25:00;E-210;ANDERSON OLIVEIRA SILVA
GELT;GELE7061;342322;5;CIRCUITOS ELÉTRICOS II;16;SEG;13:40:00;15:25:00;E-210;ANA FLAVIA PEIXOTO DE CAMARGOS
GELT;GELE7061;342322;5;CIRCUITOS ELÉTRICOS II;16;QUI;12:50:00;15:25:00;H-102;ANDERSON OLIVEIRA SILVA
GELT;GELE7061;342322;5;CIRCUITOS ELÉTRICOS II;16;QUI;12:50:00;15:25:00;H-102;ANA FLAVIA PEIXOTO DE CAMARGOS
GTEL;GELE7061;540316;5;CIRCUITOS ELÉTRICOS II;10;TER;09:45:00;11:30:00;E-210;ARTHUR MASSARI FILHO
GTEL;GELE7061;540316;5;CIRCUITOS ELÉTRICOS II;10;QUI;12:50:00;15:25:00;CAMPIII205;ARTHUR MASSARI FILHO
GELT;GELE7362;300010;0;CIRCUITOS ELETRÔNICOS PARA ALTA FREQUÊNCIA;15;QUI;13:40:00;16:15:00;E 214;ANDERSON OLIVEIRA SILVA
GTEL;GELE7362;707362;0;CIRCUITOS ELETRÔNICOS PARA ALTA FREQUÊNCIA;2;QUI;13:40:00;16:15:00;E 214;ANDERSON OLIVEIRA SILVA
GELT;GELE7183;372555;8;CIRCUITOS INTEGRADOS;16;QUI;17:20:00;19:00:00;E110;VINICIUS COUTINHO DE OLIVEIRA
GELT;GELE7183;372555;8;CIRCUITOS INTEGRADOS;16;QUI;19:00:00;20:40:00;E110;VINICIUS COUTINHO DE OLIVEIRA
GADM;GADM1769;851769;6;COMÉRCIO EXTERIOR;55;SEX;18:10:00;20:40:00;E-307;LUIZ ROGERIO CORDEIRO DE OLIVEIRA
BCC;GCC1730;901730;7;COMPILADORES;40;QUA;14:35:00;16:15:00;P1-203;MYRNA CECILIA MARTINS DOS SANTOS AMORIM
BCC;GCC1730;901730;7;COMPILADORES;40;SEX;16:30:00;18:10:00;P1-204;MYRNA CECILIA MARTINS DOS SANTOS AMORIM
GADM;GADM1721;821721;2;COMPORTAMENTO ORGANIZACIONAL;60;QUI;09:45:00;12:20:00;D-226;CARMELITA SENO CARDEIRA ALVES
GMEC;GMEC7615;100003;0;COMPÓSITOS E ADESIVOS;20;TER;09:45:00;12:20:00;D-224;LAIS AMARAL ALVES
GAMB;GEAMB1105;162007;1;COMPUTAÇÃO;10;SEX;14:35:00;18:10:00;P1-103;CARLOS ODILON DE OLIVEIRA BARROS
GAUT;GEXT7401;651016;2;COMPUTAÇÃO;30;QUI;08:55:00;12:20:00;P1-104;CAROLINA DE LIMA AGUILAR
GCIV;GEXT7401;700009;2;COMPUTAÇÃO;30;SEG;14:35:00;18:10:00;P1-104;CARLOS ODILON DE OLIVEIRA BARROS
GEL;GEXT7401;212121;2;COMPUTAÇÃO;30;QUI;14:35:00;18:10:00;P1-201;CARLOS ODILON DE OLIVEIRA BARROS
GELT;GEXT7401;312121;2;COMPUTAÇÃO;30;SEG;08:55:00;12:20:00;P1-104;ALMIR SILVA DA SILVEIRA
GFIS;GEXT7401;227401-C;2;COMPUTAÇÃO;5;SEG;14:35:00;18:10:00;P1-104;CARLOS ODILON DE OLIVEIRA BARROS
GFIS;GEXT7401;227401-B;2;COMPUTAÇÃO;5;QUI;08:55:00;12:20:00;P1-104;CAROLINA DE LIMA AGUILAR
GFIS;GEXT7401;227401-A;2;COMPUTAÇÃO;5;QUI;14:35:00;18:10:00;P1-201;CARLOS ODILON DE OLIVEIRA BARROS
GMEC;GEXT7401;110230;2;COMPUTAÇÃO;30;TER;08:55:00;12:20:00;P1-104;ALMIR SILVA DA SILVEIRA
GPROD;GEXT7401;410054;2;COMPUTAÇÃO;30;QUI;07:00:00;10:35:00;P1-103;ALMIR SILVA DA SILVEIRA
GTEL;GEXT7401;510114;2;COMPUTAÇÃO;40;SEG;12:50:00;16:15:00;P1-201;ALMIR SILVA DA SILVEIRA
BCC;GCC1731;971731;7;COMPUTAÇÃO GRÁFICA;40;TER;18:10:00;21:30:00;P1-103;RENATO CAMPOS MAURO
GCIV;GCIV8502;740030;5;COMPUTAÇÃO GRÁFICA;40;TER;15:25:00;18:10:00;D-200;BERNARDO FARIA RICHTER
GADM;GADM1016MA;811717;1;COMUNICAÇÃO CORPORATIVA;5;TER;08:55:00;10:35:00;E-415;RENATA FARIA DOS SANTOS
GTEL;GELE7327;500011;10;COMUNICAÇÕES MÓVEIS;30;TER;15:25:00;18:10:00;E-401;RENATA BRAZ FALCAO DA COSTA
GTEL;GELE7208;500012;9;COMUNICAÇÕES ÓTICAS;20;QUA;14:35:00;18:10:00;E-202;CLAUDIA BARUCKE MARCONDES
GTEL;GELE7343;507343;8;COMUNICAÇÕES VIA SATÉLITE;30;TER;14:35:00;17:20:00;E-215;GILSON ALVES DE ALENCAR
BCC;GCC1735;901735;7;CONCEPÇÃO E ELABORAÇÃO DE PROJETO FINAL;50;;;;;JOEL ANDRE FERREIRA DOS SANTOS
GCIV;GCIV0830;790067;0;CONCRETO PROTENDIDO;30;TER;18:10:00;19:50:00;D-226;MARCOS ARAUJO BRAZ DE OLIVEIRA
GPROD;GPRO7831;450082;6;CONFIABILIDADE ESTRUTURAL;44;TER;09:45:00;12:20:00;E-301;JOSE LUIZ FERNANDES
GMEC;GMEC7105;170599;8;CONSTRUÇÃO DE MÁQUINAS;50;TER;18:10:00;21:30:00;D-310;JORGE LUIZ COUTINHO DINIZ
GADM;GADM1735;831736;3;CONTABILIDADE DE CUSTOS;55;QUI;12:50:00;16:15:00;E-313;ANDREA ALVES SILVEIRA MONTEIRO
GADM;GADM1014MA;811715;1;CONTABILIDADE GERAL;10;QUI;08:55:00;12:20:00;D-222;ANDREA ALVES SILVEIRA MONTEIRO
GPROD;GPRO7811;450085;6;CONTABILIDADE GERENCIAL;44;QUA;07:00:00;09:45:00;E-301;LICIA LAURA CRAVEIRO DE SOUZA QUEIROZ
GADM;GADM1775;871775;7;CONTROLADORIA E AUDITORIA;50;QUA;18:10:00;20:40:00;H-102;LUIZ ROGERIO CORDEIRO DE OLIVEIRA
GAMB;GEAMB1517;151517;5;CONTROLE DE POLUIÇÃO 1;30;SEX;18:10:00;21:30:00;B-211;HELENA RODRIGUES OLIVEIRA
GAMB;GEAMB1623;161623;6;CONTROLE DE POLUIÇÃO 2;40;QUI;15:25:00;19:00:00;E-209;ANDRE LEONE RIGUETTI
GAUT;GELE7191;657001;8;CONTROLE DIGITAL;30;SEG;17:20:00;19:50:00;E-201;LUIZ CARLOS CAMPOS PEDROZA
GAUT;GELE7374;680000;0;CONTROLE E AUTOMAÇÃO NAVAL E OFFSHORE;15;QUA;10:40:00;12:20:00;E-307;ALEXANDRE ALVES SANTIAGO
GAUT;GELE7374;680000;0;CONTROLE E AUTOMAÇÃO NAVAL E OFFSHORE;15;QUI;07:50:00;09:45:00;E-301;ALEXANDRE ALVES SANTIAGO
GMEC;GELE7374;190601;0;CONTROLE E AUTOMAÇÃO NAVAL E OFFSHORE;15;QUA;10:40:00;12:20:00;E-307;ALEXANDRE ALVES SANTIAGO
GMEC;GELE7374;190601;0;CONTROLE E AUTOMAÇÃO NAVAL E OFFSHORE;15;QUI;07:50:00;09:45:00;E-301;ALEXANDRE ALVES SANTIAGO
GAUT;GELE7332;657003;8;CONTROLE NÃO-LINEAR;20;TER;14:35:00;17:20:00;PAV5 M7;PEDRO PABLO RIASCOS HENAO
GAUT;GELE7336;658002;9;CONTROLE ROBUSTO E ADAPTATIVO;30;SEG;18:10:00;20:40:00;D-314;ROBERTO ADES
GAUT;GELE7181;656003;7;CONTROLES E SERVOMECANISMO II;20;TER;12:50:00;14:30:00;E-305;LUIZ CARLOS CAMPOS PEDROZA
GAUT;GELE7181;656003;7;CONTROLES E SERVOMECANISMO II;20;TER;14:35:00;16:15:00;E-305;LUIZ CARLOS CAMPOS PEDROZA
GEL;GELE7181;272547;7;CONTROLES E SERVOMECANISMO II;25;TER;12:50:00;14:30:00;E-305;LUIZ CARLOS CAMPOS PEDROZA
GEL;GELE7181;272547;7;CONTROLES E SERVOMECANISMO II;25;TER;14:35:00;16:15:00;E-305;LUIZ CARLOS CAMPOS PEDROZA
GELT;GELE7181;362559;7;CONTROLES E SERVOMECANISMO II;20;TER;12:50:00;14:30:00;E 214;MILENA FARIA PINTO
GELT;GELE7181;362559;7;CONTROLES E SERVOMECANISMO II;20;TER;14:35:00;16:15:00;E 214;MILENA FARIA PINTO
GAUT;GELE7171;655042;6;CONTROLES E SERVOMECANISMOS I;30;SEG;12:50:00;14:30:00;E-201;LUIZ CARLOS CAMPOS PEDROZA
GAUT;GELE7171;655042;6;CONTROLES E SERVOMECANISMOS I;30;SEG;14:35:00;16:15:00;E-201;LUIZ CARLOS CAMPOS PEDROZA
GEL;GELE7171;252480;6;CONTROLES E SERVOMECANISMOS I;30;SEG;12:50:00;14:30:00;E-201;LUIZ CARLOS CAMPOS PEDROZA
GEL;GELE7171;252480;6;CONTROLES E SERVOMECANISMOS I;30;SEG;14:35:00;16:15:00;E-201;LUIZ CARLOS CAMPOS PEDROZA
GELT;GELE7171;352480;6;CONTROLES E SERVOMECANISMOS I;25;SEG;12:50:00;14:30:00;PAV5 M6;ROBERTO ADES
GELT;GELE7171;352480;6;CONTROLES E SERVOMECANISMOS I;25;SEG;14:35:00;16:15:00;PAV5 M6;ROBERTO ADES
GTEL;GELE7171;550481;6;CONTROLES E SERVOMECANISMOS I;20;SEG;12:50:00;14:30:00;PAV5 M6;ROBERTO ADES
GTEL;GELE7171;550481;6;CONTROLES E SERVOMECANISMOS I;20;SEG;14:35:00;16:15:00;PAV5 M6;ROBERTO ADES
GAUT;GELE7064;655040;8;CONVERSÃO DE ENERGIA I;30;SEG;12:50:00;14:30:00;H-104;ARTHUR MASSARI FILHO
GAUT;GELE7064;655040;8;CONVERSÃO DE ENERGIA I;30;QUA;12:50:00;14:30:00;H-104;ARTHUR MASSARI FILHO
GEL;GELE7064;252438;6;CONVERSÃO DE ENERGIA I;50;QUA;12:50:00;14:30:00;H-104;JOAO AMIN MOOR NETO
GEL;GELE7064;252438;6;CONVERSÃO DE ENERGIA I;50;SEX;14:35:00;16:15:00;Q. energia;JOAO AMIN MOOR NETO
GELT;GELE7064;362558;8;CONVERSÃO DE ENERGIA I;25;SEG;12:50:00;14:30:00;H-104;ARTHUR MASSARI FILHO
GELT;GELE7064;362558;8;CONVERSÃO DE ENERGIA I;25;QUA;12:50:00;14:30:00;H-104;ARTHUR MASSARI FILHO
GTEL;GELE7064;560477;8;CONVERSÃO DE ENERGIA I;50;SEG;12:50:00;14:30:00;H-104;ARTHUR MASSARI FILHO
GTEL;GELE7064;560477;8;CONVERSÃO DE ENERGIA I;50;QUA;12:50:00;14:30:00;H-104;ARTHUR MASSARI FILHO
GEL;GELE7074;282700;7;CONVERSÃO DE ENERGIA II;50;QUA;14:35:00;16:15:00;PAV5 M7;JOAO AMIN MOOR NETO
GEL;GELE7074;282700;7;CONVERSÃO DE ENERGIA II;50;QUA;14:35:00;16:15:00;PAV5 M7;JULIO CESAR DE CARVALHO FERREIRA
GEL;GELE7074;282700;7;CONVERSÃO DE ENERGIA II;50;TER;16:30:00;18:10:00;E-313;JULIO CESAR DE CARVALHO FERREIRA
GEL;GELE7074;282700;7;CONVERSÃO DE ENERGIA II;50;TER;16:30:00;18:10:00;E-313;JOAO AMIN MOOR NETO
GEL;GELE7063;252420;6;CORRENTE ALTERNADA I;30;TER;19:00:00;21:30:00;D-318;THOMAS MOREIRA CAMPELLO
GEL;GELE7075;262503;7;CORRENTE ALTERNADA II;50;QUI;19:00:00;20:40:00;D-318;THOMAS MOREIRA CAMPELLO
GEL;GELE7075;262503;7;CORRENTE ALTERNADA II;50;QUI;20:40:00;22:20:00;CAMPIII205;THOMAS MOREIRA CAMPELLO
GCIV;GCIV0801;700801;0;CORROSÃO;30;SEG;16:30:00;18:10:00;CAMPIII204;AMARO FRANCISCO CODA DOS SANTOS
GMEC;GMEC7624;190611;0;CORROSÃO;20;SEG;07:00:00;09:45:00;B-211;HUMBERTO NOGUEIRA FARNEZE
GLEA;GLEA2014MA;011060;0;CULTURA, SOCIEDADE E POLÍTICAS SOCIAIS NA AMÉRICA LATINA ECARIBE;15;QUA;12:50:00;14:30:00;CAMPIII205;NADSON NEI DA SILVA DE SOUZA
GLEA;GLEA1854;011854;5;CULTURAS FRANCÓFONAS;40;TER;07:00:00;08:40:00;B-211;GILEADE PEREIRA DE GODOI
GPROD;GPRO7806;460096;7;CUSTOS INDUSTRIAIS;44;SEX;07:00:00;09:45:00;E-305;LICIA LAURA CRAVEIRO DE SOUZA QUEIROZ
GAMB;GEAMB1101;162003;1;DESENHO;10;SEG;16:30:00;19:50:00;E-318;ANNA PAULA BOURDON
GAUT;GDES7001;650001;1;DESENHO;8;QUI;12:50:00;16:15:00;E-318;CRISTIANE MARIA BASTO BACALTCHUK
GCIV;GCIV8103;700010;1;DESENHO;10;SEG;16:30:00;18:10:00;E-308;NATALIA PUJOL PACHECO SILVEIRA
GCIV;GCIV8103;700010;1;DESENHO;10;TER;16:30:00;18:10:00;E-308;NATALIA PUJOL PACHECO SILVEIRA
GEL;GCAP1002MA;201024;1;DESENHO;8;TER;12:50:00;16:15:00;E-308;GILBERTO ALEXANDRE CASTELLO BRANCO
GELT;GDES7001;301024;1;DESENHO;8;TER;12:50:00;16:15:00;E-318;CRISTIANE MARIA BASTO BACALTCHUK
GMEC;GCAP1002MA;101020;1;DESENHO;20;TER;08:55:00;12:20:00;E-318;CRISTIANE MARIA BASTO BACALTCHUK
GMEC;GCAP1002MA;101023;1;DESENHO;0;TER;08:55:00;12:20:00;E-318;CHRISTIAN NOLTE
GPROD;GCAP1002MA;417001;1;DESENHO;20;QUI;08:55:00;12:20:00;E-308;CRISTIANE MARIA BASTO BACALTCHUK
GPROD;GCAP1002MA;410006;1;DESENHO;0;QUI;08:55:00;12:20:00;E-318;CHRISTIAN NOLTE
GTEL;GCAP1002MA;501023;1;DESENHO;8;QUI;12:50:00;16:15:00;E-308;GILBERTO ALEXANDRE CASTELLO BRANCO
GMEC;GDES7201;140414;6;DESENHO DE MÁQUINAS;28;SEG;09:45:00;12:20:00;E-308;LEYDERVAN DE SOUZA XAVIER
GMEC;GDES7201;101025;6;DESENHO DE MÁQUINAS;28;SEG;09:45:00;12:20:00;E-318;RICARDO ALEXANDRE AMAR DE AGUIAR
GAMB;GEAMB1208;121208;2;DESENHO TÉCNICO;40;QUA;12:50:00;15:25:00;D-226;JAQUELINE MARIA RIBEIRO VIEIRA
GCIV;GCIV8202;710008;2;DESENHO TÉCNICO;45;SEG;18:10:00;20:40:00;E-308;BERNARDO FARIA RICHTER
GAUT;GDES7002;653024;5;DESENHO TÉCNICO I;28;SEG;12:50:00;15:25:00;E-308;GILBERTO ALEXANDRE CASTELLO BRANCO
GEL;GDES7002;232254;5;DESENHO TÉCNICO I;28;SEG;12:50:00;15:25:00;E-318;HECTOR REYNALDO MENESES COSTA
GELT;GDES7002;332254;5;DESENHO TÉCNICO I;28;QUA;12:50:00;15:25:00;E-318;RICARDO ALEXANDRE AMAR DE AGUIAR
GMEC;GDES7002;130370;4;DESENHO TÉCNICO I;28;QUA;09:45:00;12:20:00;E-308;RICARDO ALEXANDRE AMAR DE AGUIAR
GMEC;GDES7002;101026;4;DESENHO TÉCNICO I;28;QUA;09:45:00;12:20:00;E-318;LEYDERVAN DE SOUZA XAVIER
GPROD;GDES7002;430073;4;DESENHO TÉCNICO I;28;SEX;09:45:00;12:20:00;E-308;CHRISTIAN NOLTE
GTEL;GDES7002;530301;5;DESENHO TÉCNICO I;28;QUA;12:50:00;15:25:00;E-308;HECTOR REYNALDO MENESES COSTA
GEL;GDES7101;232255;5;DESENHO TÉCNICO II;20;QUI;18:10:00;20:40:00;E-306;YAN RICARDO DAMASCENO RANGEL
GADM;GPRO7844;890010;0;DESENVOLVIMENTO DE EMBALAGENS;5;QUI;09:45:00;12:20:00;E-307;BERNARDO JOSE LIMA GOMES
GAMB;GPRO7844;107844;0;DESENVOLVIMENTO DE EMBALAGENS;5;QUI;09:45:00;12:20:00;H-105;BERNARDO JOSE LIMA GOMES
GMEC;GPRO7844;190602;0;DESENVOLVIMENTO DE EMBALAGENS;5;QUI;09:45:00;12:20:00;E-307;BERNARDO JOSE LIMA GOMES
GPROD;GPRO7844;407844;0;DESENVOLVIMENTO DE EMBALAGENS;15;QUI;09:45:00;12:20:00;E-307;BERNARDO JOSE LIMA GOMES
GMEC;GMEC7002;130337;4;DINÂMICA;50;SEG;07:00:00;08:40:00;E-415;PAULO CESAR DA CAMARA MONTEIRO JUNIOR
GMEC;GMEC7002;130337;4;DINÂMICA;50;TER;08:55:00;10:35:00;E-303;PAULO CESAR DA CAMARA MONTEIRO JUNIOR
GMEC;GMEC7102;150511;6;DINÂMICA DAS MÁQUINAS;50;QUI;18:10:00;20:40:00;D-310;FERNANDO RIBEIRO DA SILVA
GADM;GADM1015MA;811716;1;DIREITO I;5;QUA;07:50:00;10:35:00;D-222;ANDREZZA MENEZES COSTA
GADM;GADM1767;851767;6;DIREITO II;55;QUI;17:20:00;19:50:00;H-105;DANILO JUNIOR DE OLIVEIRA
GLEA;GLEA1036MA;011836;3;DIREITO INTERNACIONAL PÚBLICO;40;SEX;09:45:00;12:20:00;I-104;ANDREZZA MENEZES COSTA
GELT;GELE7322;382564;9;DISPOSITIVOS REPROGRAMÁVEIS;16;QUI;07:00:00;07:50:00;E 214;ANDRE LUIS COSTA CANELLA
GELT;GELE7322;382564;9;DISPOSITIVOS REPROGRAMÁVEIS;16;QUI;07:50:00;09:45:00;E 214;ANDRE LUIS COSTA CANELLA
GEL;GELE7375;282559;9;DISTRIBUIÇÃO DE ENERGIA;20;SEG;18:10:00;19:50:00;D-226;MARCELO NESCI SOARES
GEL;GELE7375;282559;9;DISTRIBUIÇÃO DE ENERGIA;20;QUI;16:30:00;18:10:00;Pav. VI 01;MARCELO NESCI SOARES
GAMB;GEAMB1207;121207;2;ECOLOGIA GERAL;40;SEG;14:35:00;16:15:00;E-301;MARCELO BORGES ROCHA
GAUT;GEDA7101;658005;9;ECONOMIA;15;SEG;15:25:00;17:20:00;E-305;MARCELO SAMPAIO DIAS MACIEL
GCIV;GCIV8401;730025;4;ECONOMIA;45;SEG;13:40:00;15:25:00;B-211;MARCELO SAMPAIO DIAS MACIEL
GEL;GEDA7101;272554;9;ECONOMIA;15;SEG;15:25:00;17:20:00;E-305;MARCELO SAMPAIO DIAS MACIEL
GELT;GEDA7101;372554;9;ECONOMIA;15;SEG;15:25:00;17:20:00;E-305;MARCELO SAMPAIO DIAS MACIEL
GMEC;GEDA7101;120304;3;ECONOMIA;50;QUA;08:55:00;10:35:00;D-226;MARCELO SAMPAIO DIAS MACIEL
GTEL;GEDA7101;570532;9;ECONOMIA;15;SEG;15:25:00;17:20:00;E-305;MARCELO SAMPAIO DIAS MACIEL
GLEA;GLEA1859;011857;5;ECONOMIA POLÍTICA INTERNACIONAL;40;SEX;09:45:00;12:20:00;E-209;TAMIRES MARIA ALVES
GLEA;GLEA1859;011857;5;ECONOMIA POLÍTICA INTERNACIONAL;40;SEX;09:45:00;12:20:00;E-209;FELIPE VIDAL BENVENUTO ALBERTO
BCC;GCC1841;981841;8;ELABORAÇÃO E CONSTRUÇÃO DE PROJETO FINAL;50;;;;;JOEL ANDRE FERREIRA DOS SANTOS
GMEC;GMEC7103;140457;6;ELEMENTOS DE MÁQUINAS I;50;TER;08:55:00;10:35:00;E-405;PAULO PEDRO KENEDI
GMEC;GMEC7103;140457;6;ELEMENTOS DE MÁQUINAS I;50;QUI;08:55:00;10:35:00;E-209;PAULO PEDRO KENEDI
GMEC;GMEC7104;170301;7;ELEMENTOS DE MÁQUINAS II;50;SEG;07:00:00;08:40:00;E-403;FELIPE DO CARMO AMORIM
GMEC;GMEC7104;170301;7;ELEMENTOS DE MÁQUINAS II;50;SEG;08:55:00;10:35:00;E-403;FELIPE DO CARMO AMORIM
GMEC;GELE7043;170300;7;ELETRICIDADE APLICADA;50;SEG;12:50:00;14:30:00;H-104;
GMEC;GELE7043;170300;7;ELETRICIDADE APLICADA;50;QUA;12:50:00;14:30:00;H-102;
GAMB;GEXT7003;137312;3;ELETRICIDADE BÁSICA;20;SEG;12:50:00;15:25:00;H-103;CAROLINA VANNIER DOS SANTOS BORGES
GAMB;GEXT7003;137312;3;ELETRICIDADE BÁSICA;20;SEX;12:50:00;14:30:00;H-103;CAROLINA VANNIER DOS SANTOS BORGES
GAUT;GEXT7003;652019;3;ELETRICIDADE BÁSICA;14;QUA;12:50:00;15:25:00;H-103;RICARDO CARDOSO PASQUALI
GAUT;GEXT7003;652019;3;ELETRICIDADE BÁSICA;14;SEX;14:35:00;16:15:00;E-307;RICARDO CARDOSO PASQUALI
GCIV;GEXT7003;720013;3;ELETRICIDADE BÁSICA;30;SEG;12:50:00;15:25:00;H-103;CAROLINA VANNIER DOS SANTOS BORGES
GCIV;GEXT7003;720013;3;ELETRICIDADE BÁSICA;30;SEX;12:50:00;14:30:00;H-103;CAROLINA VANNIER DOS SANTOS BORGES
GEL;GEXT7003;222180;3;ELETRICIDADE BÁSICA;15;QUA;12:50:00;15:25:00;H-103;RICARDO CARDOSO PASQUALI
GEL;GEXT7003;222180;3;ELETRICIDADE BÁSICA;15;SEX;14:35:00;16:15:00;E-307;RICARDO CARDOSO PASQUALI
GELT;GEXT7003;322180;3;ELETRICIDADE BÁSICA;14;QUA;12:50:00;15:25:00;H-103;RICARDO CARDOSO PASQUALI
GELT;GEXT7003;322180;3;ELETRICIDADE BÁSICA;14;SEX;14:35:00;16:15:00;E-307;RICARDO CARDOSO PASQUALI
GMEC;GEXT7003;120303;3;ELETRICIDADE BÁSICA;50;TER;07:00:00;09:45:00;D-224;ANTONIO JOSE SOARES MADEIRA DOMINGUES
GMEC;GEXT7003;120303;3;ELETRICIDADE BÁSICA;50;QUA;10:40:00;12:20:00;E-303;ANTONIO JOSE SOARES MADEIRA DOMINGUES
GPROD;GEXT7003;420063;3;ELETRICIDADE BÁSICA;50;QUI;08:55:00;10:35:00;H-103;SHEILA CRISTINA RIBEIRO REGO
GPROD;GEXT7003;420063;3;ELETRICIDADE BÁSICA;50;SEG;09:45:00;12:20:00;E-307;SHEILA CRISTINA RIBEIRO REGO
GTEL;GEXT7003;520203;3;ELETRICIDADE BÁSICA;14;QUA;12:50:00;15:25:00;H-103;RICARDO CARDOSO PASQUALI
GTEL;GEXT7003;520203;3;ELETRICIDADE BÁSICA;14;SEX;14:35:00;16:15:00;E-307;RICARDO CARDOSO PASQUALI
GPROD;GELE7178;430072;4;ELETRICIDADE/ELETRÔNICA;50;QUA;11:30:00;13:40:00;E-212;MAURO SANDRO DOS REIS
GPROD;GELE7178;430072;4;ELETRICIDADE/ELETRÔNICA;50;QUA;08:55:00;11:30:00;D-224;MAURO SANDRO DOS REIS
GAUT;GELE7052;655050;6;ELETROMAGNETISMO I;15;SEG;16:30:00;19:00:00;H-103;MARIA APARECIDA GONCALVES MARTINEZ
GEL;GELE7052;242330;5;ELETROMAGNETISMO I;15;SEG;16:30:00;19:00:00;H-103;MARIA APARECIDA GONCALVES MARTINEZ
GELT;GELE7052;352411;6;ELETROMAGNETISMO I;15;SEG;16:30:00;19:00:00;H-103;MARIA APARECIDA GONCALVES MARTINEZ
GFIS;GFIS8504;220007;5;ELETROMAGNETISMO I;20;QUI;14:35:00;16:15:00;E-415;NELSON LUIZ PANZA PEREIRA DA SILVA
GFIS;GFIS8504;220007;5;ELETROMAGNETISMO I;20;TER;14:35:00;16:15:00;E-415;NELSON LUIZ PANZA PEREIRA DA SILVA
GTEL;GELE7052;550404;6;ELETROMAGNETISMO I;15;SEG;16:30:00;19:00:00;H-103;MARIA APARECIDA GONCALVES MARTINEZ
GAUT;GELE7062;656002;7;ELETROMAGNETISMO II;15;TER;16:30:00;19:00:00;H-104;ANDERSON OLIVEIRA SILVA
GEL;GELE7062;252411;6;ELETROMAGNETISMO II;15;TER;16:30:00;19:00:00;H-104;ANDERSON OLIVEIRA SILVA
GELT;GELE7062;362552;7;ELETROMAGNETISMO II;15;TER;16:30:00;19:00:00;H-104;ANDERSON OLIVEIRA SILVA
GTEL;GELE7062;562552;7;ELETROMAGNETISMO II;15;TER;16:30:00;19:00:00;H-104;ANDERSON OLIVEIRA SILVA
GAUT;GELE7163;653034;4;ELETRÔNICA DIGITAL;15;QUI;08:55:00;11:30:00;H-104;LUCIANA FALETTI ALMEIDA
GAUT;GELE7163;653034;4;ELETRÔNICA DIGITAL;15;QUI;08:55:00;11:30:00;H-104;THAYZA MARCELA VAN DER LAAN MELO
GAUT;GELE7163;653034;4;ELETRÔNICA DIGITAL;15;QUI;12:50:00;14:30:00;E-212;LUCIANA FALETTI ALMEIDA
GAUT;GELE7163;653034;4;ELETRÔNICA DIGITAL;15;QUI;12:50:00;14:30:00;E-212;THAYZA MARCELA VAN DER LAAN MELO
GEL;GELE7163;233266;4;ELETRÔNICA DIGITAL;15;QUI;14:35:00;16:15:00;E-210;LUCIANA FALETTI ALMEIDA
GEL;GELE7163;233266;4;ELETRÔNICA DIGITAL;15;QUI;08:55:00;11:30:00;H-104;LUCIANA FALETTI ALMEIDA
GEL;GELE7163;233266;4;ELETRÔNICA DIGITAL;15;QUI;08:55:00;11:30:00;H-104;THAYZA MARCELA VAN DER LAAN MELO
GEL;GELE7163;233266;4;ELETRÔNICA DIGITAL;15;QUI;14:35:00;16:15:00;E-210;THAYZA MARCELA VAN DER LAAN MELO
GELT;GELE7163;333266;4;ELETRÔNICA DIGITAL;15;QUI;08:55:00;11:30:00;H-104;LUCIANA FALETTI ALMEIDA
GELT;GELE7163;333266;4;ELETRÔNICA DIGITAL;15;QUI;08:55:00;11:30:00;H-104;THAYZA MARCELA VAN DER LAAN MELO
GELT;GELE7163;333266;4;ELETRÔNICA DIGITAL;15;QUI;12:50:00;14:30:00;E-210;LUCIANA FALETTI ALMEIDA
GELT;GELE7163;333266;4;ELETRÔNICA DIGITAL;15;QUI;12:50:00;14:30:00;E-210;THAYZA MARCELA VAN DER LAAN MELO
GTEL;GELE7163;530261;4;ELETRÔNICA DIGITAL;15;QUI;08:55:00;11:30:00;H-104;LUCIANA FALETTI ALMEIDA
GTEL;GELE7163;530261;4;ELETRÔNICA DIGITAL;15;QUI;08:55:00;11:30:00;H-104;THAYZA MARCELA VAN DER LAAN MELO
GTEL;GELE7163;530261;4;ELETRÔNICA DIGITAL;15;QUI;14:35:00;16:15:00;E-212;LUCIANA FALETTI ALMEIDA
GTEL;GELE7163;530261;4;ELETRÔNICA DIGITAL;15;QUI;14:35:00;16:15:00;E-212;THAYZA MARCELA VAN DER LAAN MELO
GAUT;GELE7151;654032;5;ELETRÔNICA I;16;TER;12:50:00;14:30:00;CAMPIII205;THAYZA MARCELA VAN DER LAAN MELO
GAUT;GELE7151;654032;5;ELETRÔNICA I;16;TER;14:35:00;16:15:00;E-212;THAYZA MARCELA VAN DER LAAN MELO
GEL;GELE7151;242350;5;ELETRÔNICA I;16;TER;12:50:00;14:30:00;CAMPIII205;THAYZA MARCELA VAN DER LAAN MELO
GEL;GELE7151;242350;5;ELETRÔNICA I;16;TER;14:35:00;16:15:00;E-210;ANDERSON OLIVEIRA SILVA
GEL;GELE7151;242350;5;ELETRÔNICA I;16;TER;12:50:00;14:30:00;CAMPIII205;ANDERSON OLIVEIRA SILVA
GEL;GELE7151;242350;5;ELETRÔNICA I;16;TER;14:35:00;16:15:00;E-210;THAYZA MARCELA VAN DER LAAN MELO
GELT;GELE7151;342349;5;ELETRÔNICA I;16;SEG;15:25:00;17:20:00;D-226;ANDERSON OLIVEIRA SILVA
GELT;GELE7151;342349;5;ELETRÔNICA I;16;SEG;17:20:00;19:00:00;E-212;ANDERSON OLIVEIRA SILVA
GTEL;GELE7151;540331;5;ELETRÔNICA I;16;SEG;15:25:00;17:20:00;D-226;ANDERSON OLIVEIRA SILVA
GTEL;GELE7151;540331;5;ELETRÔNICA I;16;SEG;15:25:00;17:20:00;D-226;THAYZA MARCELA VAN DER LAAN MELO
GTEL;GELE7151;540331;5;ELETRÔNICA I;16;SEG;17:20:00;19:00:00;E-212;ANDERSON OLIVEIRA SILVA
GTEL;GELE7151;540331;5;ELETRÔNICA I;16;SEG;17:20:00;19:00:00;E-212;THAYZA MARCELA VAN DER LAAN MELO
GAUT;GELE7164;655041;6;ELETRÔNICA II;16;QUA;16:30:00;18:10:00;E-210;ULISSES DE FREITAS CARNEIRO DA GRACA
GAUT;GELE7164;655041;6;ELETRÔNICA II;16;QUA;16:30:00;18:10:00;E-210;MILENA FARIA PINTO
GAUT;GELE7164;655041;6;ELETRÔNICA II;16;QUA;18:10:00;19:50:00;D-224;ULISSES DE FREITAS CARNEIRO DA GRACA
GAUT;GELE7164;655041;6;ELETRÔNICA II;16;QUA;18:10:00;19:50:00;D-224;MILENA FARIA PINTO
GEL;GELE7164;252454;6;ELETRÔNICA II;16;QUA;18:10:00;19:50:00;E-415;MILENA FARIA PINTO
GEL;GELE7164;252454;6;ELETRÔNICA II;16;QUA;14:35:00;16:15:00;E-210;ULISSES DE FREITAS CARNEIRO DA GRACA
GEL;GELE7164;252454;6;ELETRÔNICA II;16;QUA;14:35:00;16:15:00;E-210;MILENA FARIA PINTO
GEL;GELE7164;252454;6;ELETRÔNICA II;16;QUA;18:10:00;19:50:00;E-415;ULISSES DE FREITAS CARNEIRO DA GRACA
GELT;GELE7164;352462;6;ELETRÔNICA II;16;QUA;16:30:00;18:10:00;E-210;ULISSES DE FREITAS CARNEIRO DA GRACA
GELT;GELE7164;352462;6;ELETRÔNICA II;16;QUA;16:30:00;18:10:00;E-210;MILENA FARIA PINTO
GELT;GELE7164;352462;6;ELETRÔNICA II;16;QUA;18:10:00;19:50:00;D-224;ULISSES DE FREITAS CARNEIRO DA GRACA
GELT;GELE7164;352462;6;ELETRÔNICA II;16;QUA;18:10:00;19:50:00;D-224;MILENA FARIA PINTO
GTEL;GELE7164;550420;6;ELETRÔNICA II;16;QUA;14:35:00;16:15:00;E-210;ULISSES DE FREITAS CARNEIRO DA GRACA
GTEL;GELE7164;550420;6;ELETRÔNICA II;16;QUA;14:35:00;16:15:00;E-210;MILENA FARIA PINTO
GTEL;GELE7164;550420;6;ELETRÔNICA II;16;QUI;16:30:00;18:10:00;E-415;ULISSES DE FREITAS CARNEIRO DA GRACA
GTEL;GELE7164;550420;6;ELETRÔNICA II;16;QUI;16:30:00;18:10:00;E-415;MILENA FARIA PINTO
GAUT;GELE7172;656006;7;ELETRÔNICA III;12;QUI;07:00:00;08:40:00;E-307;ALINE GESUALDI MANHAES
GAUT;GELE7172;656006;7;ELETRÔNICA III;12;QUI;07:00:00;08:40:00;E-307;THAYZA MARCELA VAN DER LAAN MELO
GAUT;GELE7172;656006;7;ELETRÔNICA III;12;QUI;10:40:00;12:20:00;E-212;ALINE GESUALDI MANHAES
GAUT;GELE7172;656006;7;ELETRÔNICA III;12;QUI;10:40:00;12:20:00;E-212;THAYZA MARCELA VAN DER LAAN MELO
GELT;GELE7172;362569;7;ELETRÔNICA III;12;QUI;07:00:00;08:40:00;E-307;ALINE GESUALDI MANHAES
GELT;GELE7172;362569;7;ELETRÔNICA III;12;QUI;07:00:00;08:40:00;E-307;THAYZA MARCELA VAN DER LAAN MELO
GELT;GELE7172;362569;7;ELETRÔNICA III;12;QUI;08:55:00;10:35:00;E-212;ALINE GESUALDI MANHAES
GELT;GELE7172;362569;7;ELETRÔNICA III;12;QUI;08:55:00;10:35:00;E-212;THAYZA MARCELA VAN DER LAAN MELO
GTEL;GELE7172;560488;7;ELETRÔNICA III;12;QUI;07:00:00;08:40:00;E-307;ALINE GESUALDI MANHAES
GTEL;GELE7172;560488;7;ELETRÔNICA III;12;QUI;07:00:00;08:40:00;E-307;THAYZA MARCELA VAN DER LAAN MELO
GTEL;GELE7172;560488;7;ELETRÔNICA III;12;QUI;10:40:00;12:20:00;E-212;ALINE GESUALDI MANHAES
GTEL;GELE7172;560488;7;ELETRÔNICA III;12;QUI;10:40:00;12:20:00;E-212;THAYZA MARCELA VAN DER LAAN MELO
GAUT;GELE7326;657005;8;ELETRÔNICA INDUSTRIAL;15;TER;18:10:00;20:40:00;H-103;MAMOUR SOP NDIAYE
GAUT;GELE7326;657005;8;ELETRÔNICA INDUSTRIAL;15;SEX;16:30:00;18:10:00;E-313;MAMOUR SOP NDIAYE
GEL;GELE7182;272558;8;ELETRÔNICA INDUSTRIAL;30;TER;18:10:00;20:40:00;H-103;MAMOUR SOP NDIAYE
GEL;GELE7182;272558;8;ELETRÔNICA INDUSTRIAL;30;SEX;16:30:00;18:10:00;E-301;MAMOUR SOP NDIAYE
GELT;GELE7326;372553;8;ELETRÔNICA INDUSTRIAL;15;QUA;10:40:00;12:20:00;E-214;ANDRE LUIS COSTA CANELLA
GELT;GELE7326;372553;8;ELETRÔNICA INDUSTRIAL;15;QUI;09:45:00;12:20:00;E-214;ANDRE LUIS COSTA CANELLA
BCC;GCC1313;930006;3;EMPREENDEDORISMO;40;SEG;13:40:00;15:25:00;E-209;RENATA FARIA DOS SANTOS
BCC;GADM1718;991735;0;EMPREENDEDORISMO SOCIOAMBIENTAL;6;TER;18:10:00;19:50:00;H-105;ALEXANDRE ALI GUIMARAES
GADM;GADM1718;811718;0;EMPREENDEDORISMO SOCIOAMBIENTAL;26;TER;18:10:00;19:50:00;H-105;ALEXANDRE ALI GUIMARAES
GAMB;GADM1718;191000;0;EMPREENDEDORISMO SOCIOAMBIENTAL;16;TER;18:10:00;19:50:00;H-105;ALEXANDRE ALI GUIMARAES
GEL;GADM1718;291000;0;EMPREENDEDORISMO SOCIOAMBIENTAL;6;TER;18:10:00;19:50:00;H-105;ALEXANDRE ALI GUIMARAES
GPROD;GADM1718;491000;0;EMPREENDEDORISMO SOCIOAMBIENTAL;6;TER;18:10:00;19:50:00;H-105;ALEXANDRE ALI GUIMARAES
GPROD;GPRO7202;420066;3;ENGENHARIA DE MÉTODOS;50;SEX;08:55:00;12:20:00;H-102;ANA LUIZA LIMA DE SOUZA
BCC;GCC1312;930005;3;ENGENHARIA DE REQUISITOS;40;SEG;18:10:00;21:30:00;P1-104;CARMEN LUCIA ASP DE QUEIROZ
BCC;GCC1521;951521;5;ENGENHARIA DE SOFTWARE;40;TER;18:10:00;21:30:00;P1-205;MARCELO AREAS RODRIGUES DA SILVA
GCIV;GCIV0806;700808;0;ENGENHARIA DE TRÁFEGO;30;TER;19:50:00;21:30:00;D-218;EUNICE HORACIO DE SOUZA DE BARROS TEIXEIRA RODRIGUES
GPROD;GPRO7702;477702;7;ENGENHARIA ECONÔMICA;40;TER;09:45:00;12:20:00;E-403;LICIA LAURA CRAVEIRO DE SOUZA QUEIROZ
BCC;GEXT7303;930001;3;EQUAÇÕES DIFERENCIAIS ORDINÁRIAS;40;SEG;15:25:00;17:20:00;E-307;GISELY DOS SANTOS PEREIRA
BCC;GEXT7303;930001;3;EQUAÇÕES DIFERENCIAIS ORDINÁRIAS;40;QUI;15:25:00;17:20:00;E-303;GISELY DOS SANTOS PEREIRA
GAMB;GEXT7303;137303;3;EQUAÇÕES DIFERENCIAIS ORDINÁRIAS;30;TER;14:35:00;16:15:00;H-101;MARCOS OLIVEIRA DE PINHO
GAMB;GEXT7303;137303;3;EQUAÇÕES DIFERENCIAIS ORDINÁRIAS;30;QUI;15:25:00;17:20:00;E-403;MARCOS OLIVEIRA DE PINHO
GAUT;GEXT7303;652018;3;EQUAÇÕES DIFERENCIAIS ORDINÁRIAS;25;TER;16:30:00;18:10:00;D-222;MARCOS HENRIQUE DA SILVA BASSANI
GAUT;GEXT7303;652018;3;EQUAÇÕES DIFERENCIAIS ORDINÁRIAS;25;QUI;14:35:00;16:15:00;CAMPIII203;MARCOS HENRIQUE DA SILVA BASSANI
GCIV;GEXT7303;720010;3;EQUAÇÕES DIFERENCIAIS ORDINÁRIAS;50;SEG;15:25:00;17:20:00;E-307;GISELY DOS SANTOS PEREIRA
GCIV;GEXT7303;720010;3;EQUAÇÕES DIFERENCIAIS ORDINÁRIAS;50;QUI;15:25:00;17:20:00;E-303;GISELY DOS SANTOS PEREIRA
GEL;GEXT7303;222229;3;EQUAÇÕES DIFERENCIAIS ORDINÁRIAS;25;QUI;16:30:00;18:10:00;CAMPIII203;MARCOS HENRIQUE DA SILVA BASSANI
GEL;GEXT7303;222229;3;EQUAÇÕES DIFERENCIAIS ORDINÁRIAS;25;QUA;15:25:00;17:20:00;E-301;MARCOS HENRIQUE DA SILVA BASSANI
GELT;GEXT7303;322229;3;EQUAÇÕES DIFERENCIAIS ORDINÁRIAS;25;QUA;15:25:00;17:20:00;E-301;MARCOS HENRIQUE DA SILVA BASSANI
GELT;GEXT7303;322229;3;EQUAÇÕES DIFERENCIAIS ORDINÁRIAS;25;QUI;16:30:00;18:10:00;CAMPIII203;MARCOS HENRIQUE DA SILVA BASSANI
GMEC;GEXT7303;120301;3;EQUAÇÕES DIFERENCIAIS ORDINÁRIAS;55;TER;10:40:00;12:20:00;H-103;OLIVIA TERRA COUTO
GMEC;GEXT7303;120301;3;EQUAÇÕES DIFERENCIAIS ORDINÁRIAS;55;QUA;07:00:00;08:40:00;H-102;OLIVIA TERRA COUTO
GPROD;GEXT7303;420069;3;EQUAÇÕES DIFERENCIAIS ORDINÁRIAS;55;TER;08:55:00;10:35:00;H-103;OLIVIA TERRA COUTO
GPROD;GEXT7303;420069;3;EQUAÇÕES DIFERENCIAIS ORDINÁRIAS;55;QUA;08:55:00;10:35:00;H-102;OLIVIA TERRA COUTO
GTEL;GEXT7303;520190;3;EQUAÇÕES DIFERENCIAIS ORDINÁRIAS;25;TER;16:30:00;18:10:00;D-222;MARCOS HENRIQUE DA SILVA BASSANI
GTEL;GEXT7303;520190;3;EQUAÇÕES DIFERENCIAIS ORDINÁRIAS;25;QUI;14:35:00;16:15:00;CAMPIII203;MARCOS HENRIQUE DA SILVA BASSANI
GAMB;GEXT7304;147304;4;EQUAÇÕES DIFERENCIAIS PARCIAIS E SÉRIES;52;QUA;19:50:00;22:20:00;H-104;ALEXANDRE TOMAN
GAUT;GEXT7304;653032;4;EQUAÇÕES DIFERENCIAIS PARCIAIS E SÉRIES;26;QUA;12:50:00;15:25:00;CAMPIII203;ALEXANDRE TOMAN
GAUT;GEXT7304;653032;4;EQUAÇÕES DIFERENCIAIS PARCIAIS E SÉRIES;26;QUA;12:50:00;15:25:00;CAMPIII203;RODRIGO TOSTA PERES
GCIV;GEXT7304;730019;4;EQUAÇÕES DIFERENCIAIS PARCIAIS E SÉRIES;50;TER;13:40:00;16:15:00;E-307;ROBERTO SOUZA SA BARRETO
GEL;GEXT7304;233265;4;EQUAÇÕES DIFERENCIAIS PARCIAIS E SÉRIES;25;SEG;12:50:00;15:25:00;H-105;GISELY DOS SANTOS PEREIRA
GELT;GEXT7304;333265;4;EQUAÇÕES DIFERENCIAIS PARCIAIS E SÉRIES;25;SEG;12:50:00;15:25:00;H-105;GISELY DOS SANTOS PEREIRA
GMEC;GEXT7304;130362;4;EQUAÇÕES DIFERENCIAIS PARCIAIS E SÉRIES;50;QUI;07:00:00;09:45:00;E-415;ANDRE LUIZ CORDEIRO DOS SANTOS
GPROD;GEXT7304;430079;4;EQUAÇÕES DIFERENCIAIS PARCIAIS E SÉRIES;50;QUI;09:45:00;12:20:00;H-101;GISELY DOS SANTOS PEREIRA
GTEL;GEXT7304;530260;4;EQUAÇÕES DIFERENCIAIS PARCIAIS E SÉRIES;26;QUA;12:50:00;15:25:00;CAMPIII203;ALEXANDRE TOMAN
GTEL;GEXT7304;530260;4;EQUAÇÕES DIFERENCIAIS PARCIAIS E SÉRIES;26;QUA;12:50:00;15:25:00;CAMPIII203;RODRIGO TOSTA PERES
GPROD;GPRO7203;450084;6;ERGONOMIA;40;SEG;07:00:00;09:45:00;E-405;MARIA CLARA LIPPI
GEL;GELE7314;292574;10;ESTABILIDADE EM SISTEMAS DE POTÊNCIAS;20;SEG;15:25:00;18:10:00;E-313;JULIO CESAR DE CARVALHO FERREIRA
GADM;GADM1773;871773;7;ESTÁGIO;100;;;;;FERNANDO RAMOS CORREA
BCC;GCC1838;901838;8;ESTÁGIO SUPERVISIONADO;50;;;;;CAROLINA DE LIMA AGUILAR
GEL;GELE7094;282561;10;ESTÁGIO SUPERVISIONADO;100;;;;;MARCELO NESCI SOARES
GELT;GELE7195;382566;10;ESTÁGIO SUPERVISIONADO;28;;;;;JOAO ROBERTO DE TOLEDO QUADROS
GLEA;GLEA1882;111882;8;ESTÁGIO SUPERVISIONADO;40;TER;17:20:00;22:20:00;;GILEADE PEREIRA DE GODOI
GPROD;GPRO7807;470097;10;ESTÁGIO SUPERVISIONADO;100;;;;;BERNARDO JOSE LIMA GOMES
GTEL;GELE7294;580538;10;ESTÁGIO SUPERVISIONADO;100;;;;;RENATA BRAZ FALCAO DA COSTA
GAUT;GELE7295;660000;10;ESTÁGIO SUPERVISIONADO (AUTOMAÇÃO);50;TER;08:55:00;12:20:00;;LUIZ CARLOS CAMPOS PEDROZA
GCIV;GCIV8804;770012;8;ESTÁGIO SUPERVISIONADO (CIVIL);53;;;;;ROSANA DISCHINGER MIRANDA
GMEC;GMEC7601;180604;9;ESTÁGIO SUPERVISIONADO (MECÂNICA);100;;;;;TATIANE DE CAMPOS CHUVAS
GMEC;GMEC7601;180604;9;ESTÁGIO SUPERVISIONADO (MECÂNICA);100;;;;;MATHEUS CAMPOLINA MENDES
GAMB;GEAMB1938;101938;9;ESTÁGIO SUPERVISIONADO DE ENGENHARIA AMBIENTAL;100;;;;;JAQUELINE MARIA RIBEIRO VIEIRA
GMEC;GMEC7001;120330;3;ESTÁTICA;50;QUI;10:40:00;12:20:00;D-224;LAIS AMARAL ALVES
GMEC;GMEC7001;120330;3;ESTÁTICA;50;SEX;10:40:00;12:20:00;E-307;LAIS AMARAL ALVES
GAMB;GEXT7601;137601;3;ESTATÍSTICA;50;QUA;12:50:00;15:25:00;E-303;CAROLINE PONCE DE MORAES
GAUT;GEXT7601;652017;3;ESTATÍSTICA;25;SEG;09:45:00;12:20:00;H-102;ANNA REGINA CORBO COSTA
GCIV;GEXT7601;720014;3;ESTATÍSTICA;55;TER;12:50:00;15:25:00;E-209;CAROLINE PONCE DE MORAES
GEL;GEXT7601;222245;3;ESTATÍSTICA;25;TER;16:30:00;19:00:00;H-101;MARCOS OLIVEIRA DE PINHO
GELT;GEXT7601;322245;3;ESTATÍSTICA;25;TER;16:30:00;19:00:00;H-101;MARCOS OLIVEIRA DE PINHO
GFIS;GEXT7601;217303;3;ESTATÍSTICA;13;QUA;12:50:00;15:25:00;E-303;CAROLINE PONCE DE MORAES
GMEC;GEXT7601;120310;3;ESTATÍSTICA;50;SEG;09:45:00;12:20:00;H-102;ANNA REGINA CORBO COSTA
GPROD;GEXT7601;420065;3;ESTATÍSTICA;50;SEG;07:00:00;09:45:00;H-102;ANNA REGINA CORBO COSTA
GTEL;GEXT7601;520181;3;ESTATÍSTICA;25;SEG;09:45:00;12:20:00;H-102;ANNA REGINA CORBO COSTA
GADM;GADM1745;841745;4;ESTATÍSTICA APLICADA;60;TER;16:30:00;18:10:00;E-307;FABIO DE SIMONE E SOUZA
GADM;GADM1745;841745;4;ESTATÍSTICA APLICADA;60;QUI;16:30:00;18:10:00;E-307;FABIO DE SIMONE E SOUZA
GPROD;GPRO7835;407835;0;ESTATÍSTICA APLICADA;30;QUA;09:45:00;12:20:00;E-313;CAROLINE PONCE DE MORAES
GPROD;GPRO7502;440083;5;ESTATÍSTICA DA QUALIDADE E CONFIABILIDADE;50;TER;07:00:00;09:45:00;E-301;JOSE LUIZ FERNANDES
BCC;GCC1518;951518;5;ESTATÍSTICA E PROBABILIDADE;40;SEX;18:10:00;21:30:00;P1-204;MAYARA MIDORI OMAI
GADM;GADM1764;851764;6;ESTRATÉGIA EMPRESARIAL;55;TER;17:20:00;19:50:00;E-415;URSULA GOMES ROSA MARUYAMA
GPROD;GPRO7816;407816;0;ESTRATÉGIAS DE OPERAÇÕES;20;QUI;15:25:00;18:10:00;CAMPIII201;DIEGO CESAR CAVALCANTI DE ANDRADE
GADM;GADM1733;831733;3;ESTRUTURA E PROCESSOS ORGANIZACIONAIS;55;SEG;15:25:00;18:10:00;E-405;CARMELITA SENO CARDEIRA ALVES
GEL;GELE7308;207308;0;ESTRUTURAÇÃO DO SETOR ELÉTRICO;0;QUA;19:10:00;21:40:00;;MAURO SANDRO DOS REIS
BCC;GCC1207;920005-B;2;ESTRUTURAS DE DADOS;30;SEX;12:50:00;14:30:00;P1-104;MYRNA CECILIA MARTINS DOS SANTOS AMORIM
BCC;GCC1207;920005-B;2;ESTRUTURAS DE DADOS;30;QUA;12:50:00;14:30:00;E-307;MYRNA CECILIA MARTINS DOS SANTOS AMORIM
BCC;GCC1207;920005-A;2;ESTRUTURAS DE DADOS;30;QUA;12:50:00;14:30:00;E-307;MYRNA CECILIA MARTINS DOS SANTOS AMORIM
BCC;GCC1207;920005-A;2;ESTRUTURAS DE DADOS;30;SEX;14:35:00;16:15:00;P1-104;MYRNA CECILIA MARTINS DOS SANTOS AMORIM
GCIV;GCIV8706;760007;7;ESTRUTURAS I;45;QUI;19:50:00;21:30:00;D-226;RICARDO RODRIGUES DE ARAUJO
GCIV;GCIV8706;760007;7;ESTRUTURAS I;45;SEG;19:50:00;21:30:00;D-220;RICARDO RODRIGUES DE ARAUJO
GCIV;GCIV8805;770014;8;ESTRUTURAS II;45;TER;18:10:00;19:50:00;D-220;EDGAR GULDEN GRAVATA
GCIV;GCIV8805;770014;8;ESTRUTURAS II;45;QUI;18:10:00;19:50:00;D-216;EDGAR GULDEN GRAVATA
GCIV;GCIV8903;780019;9;ESTRUTURAS III;45;SEX;19:50:00;21:30:00;D-224;EDGAR GULDEN GRAVATA
GCIV;GCIV8903;780019;9;ESTRUTURAS III;45;QUI;19:50:00;21:30:00;D-226;EDGAR GULDEN GRAVATA
GCIV;GCIV8004;780027;10;ESTRUTURAS IV;45;QUI;18:10:00;19:50:00;D-210;RICARDO RODRIGUES DE ARAUJO
GCIV;GCIV8004;780027;10;ESTRUTURAS IV;45;TER;19:50:00;21:30:00;D-224;RICARDO RODRIGUES DE ARAUJO
GADM;GADM1012MA;811712;1;ÉTICA EMPRESARIAL;5;TER;07:00:00;08:45:00;E-415;MARCELO DE SOUSA NOGUEIRA
GCIV;GCIV8506;740027;5;FENÔMENOS DE TRANSFERÊNCIAS;45;SEG;19:50:00;21:30:00;D-224;MARCELO DE JESUS RODRIGUES DA NOBREGA
GCIV;GCIV8506;740027;5;FENÔMENOS DE TRANSFERÊNCIAS;45;SEX;19:50:00;21:30:00;D-220;MARCELO DE JESUS RODRIGUES DA NOBREGA
GAMB;GMEC7007;157007;5;FENÔMENOS DE TRANSPORTE;30;TER;16:30:00;18:10:00;E-209;THIAGO DE OLIVEIRA MACEDO
GAMB;GMEC7007;157007;5;FENÔMENOS DE TRANSPORTE;30;QUA;16:30:00;18:10:00;E-209;THIAGO DE OLIVEIRA MACEDO
GAUT;GMEC7007;654028;5;FENÔMENOS DE TRANSPORTE;15;SEG;19:00:00;22:20:00;H-101;CARLOS EDUARDO GUEDES CATUNDA
GEL;GMEC7007;242264;5;FENÔMENOS DE TRANSPORTE;15;SEG;19:00:00;22:20:00;H-101;CARLOS EDUARDO GUEDES CATUNDA
GELT;GMEC7007;342264;5;FENÔMENOS DE TRANSPORTE;15;SEG;19:00:00;22:20:00;H-101;CARLOS EDUARDO GUEDES CATUNDA
GPROD;GMEC7007;430080;5;FENÔMENOS DE TRANSPORTE;50;SEG;07:00:00;10:35:00;D-224;LUCIANA LOUREIRO DA SILVA MONTEIRO
GTEL;GMEC7007;530249;5;FENÔMENOS DE TRANSPORTE;15;SEG;19:00:00;22:20:00;H-101;CARLOS EDUARDO GUEDES CATUNDA
GPROD;GPRO7830;407830;0;FINANÇAS CORPORATIVAS;15;QUA;09:45:00;12:20:00;E-415;CARLOS ALBERTO GONCALVES DA SILVA
GFIS;GFIS8703;220004;7;FÍSICA ATÔMICA E MOLECULAR;20;QUA;10:40:00;12:20:00;CAMPIII204;NATALIA FERREIRA
GFIS;GFIS8703;220004;7;FÍSICA ATÔMICA E MOLECULAR;20;QUI;10:40:00;12:20:00;CAMPIII204;NATALIA FERREIRA
GFIS;GFIS1011MA;218101;1;FÍSICA BÁSICA I;20;QUA;14:35:00;16:15:00;E-403;CAROLINA VANNIER DOS SANTOS BORGES
GFIS;GFIS1011MA;218101;1;FÍSICA BÁSICA I;20;SEX;14:35:00;16:15:00;E-209;CAROLINA VANNIER DOS SANTOS BORGES
GFIS;GFIS8101;208101;1;FÍSICA BÁSICA I;20;QUA;14:35:00;16:15:00;;CAROLINA VANNIER DOS SANTOS BORGES
GFIS;GFIS8101;208101;1;FÍSICA BÁSICA I;20;SEX;14:35:00;16:15:00;;CAROLINA VANNIER DOS SANTOS BORGES
GFIS;GFIS8201;218102;2;FÍSICA BÁSICA II;20;QUA;12:50:00;16:15:00;E-405;NELSON LUIZ PANZA PEREIRA DA SILVA
GFIS;GFIS8302;228201;3;FÍSICA BÁSICA III;20;SEG;09:45:00;11:30:00;E-307;SHEILA CRISTINA RIBEIRO REGO
GFIS;GFIS8302;228201;3;FÍSICA BÁSICA III;20;QUI;08:55:00;10:35:00;H-103;SHEILA CRISTINA RIBEIRO REGO
GFIS;GFIS8402;220019;4;FÍSICA BÁSICA IV;20;SEG;10:40:00;12:20:00;E-405;CAROLINA VANNIER DOS SANTOS BORGES
GFIS;GFIS8402;220019;4;FÍSICA BÁSICA IV;20;QUA;10:40:00;12:20:00;E-405;CAROLINA VANNIER DOS SANTOS BORGES
GFIS;GFIS8406;218306;4;FÍSICA COMPUTACIONAL I;20;QUI;07:00:00;10:35:00;E-309;DIRCEU ATANAZIO PORTES JUNIOR
GFIS;GFIS8301;258301;3;FÍSICA MATEMÁTICA I;20;QUI;15:25:00;18:10:00;E-405;RICARDO CARDOSO PASQUALI
GFIS;GFIS8301;258301;3;FÍSICA MATEMÁTICA I;20;SEX;16:30:00;18:10:00;E-401;RICARDO CARDOSO PASQUALI
GFIS;GFIS8501;218320;5;FÍSICA MATEMÁTICA III;20;QUA;08:55:00;10:35:00;E-401;OZEMAR SOUTO VENTURA
GFIS;GFIS8501;218320;5;FÍSICA MATEMÁTICA III;20;QUI;09:45:00;11:25:00;E-311;OZEMAR SOUTO VENTURA
GFIS;GFIS8502;220014;5;FÍSICA MODERNA;20;QUA;12:50:00;14:30:00;E-305;NATALIA FERREIRA
GFIS;GFIS8502;220014;5;FÍSICA MODERNA;20;SEX;14:35:00;16:15:00;E-303;NATALIA FERREIRA
GFIS;GFIS8704;220003;7;FÍSICA NUCLEAR E PARTÍCULAS ELEMENTARES;20;SEX;08:55:00;12:20:00;CAMPIII204;FABIO ALEX PEREIRA DOS SANTOS
GAMB;GEXT7002;147002;4;FÍSICA TÉRMICA;20;QUA;12:50:00;16:15:00;E-405;NELSON LUIZ PANZA PEREIRA DA SILVA
GAUT;GEXT7002;653028;4;FÍSICA TÉRMICA;13;TER;16:30:00;19:50:00;E-301;HILARIO ANTONIO RODRIGUES GONCALVES
GCIV;GEXT7002;730020;4;FÍSICA TÉRMICA;30;QUA;12:50:00;16:15:00;E-405;NELSON LUIZ PANZA PEREIRA DA SILVA
GEL;GEXT7002;232270;4;FÍSICA TÉRMICA;13;TER;16:30:00;19:50:00;E-301;LUIS FERNANDO DOS SANTOS
GELT;GEXT7002;332270;4;FÍSICA TÉRMICA;13;TER;16:30:00;19:50:00;E-301;HILARIO ANTONIO RODRIGUES GONCALVES
GMEC;GEXT7002;130346;4;FÍSICA TÉRMICA;50;SEX;07:00:00;10:35:00;E-307;OZEMAR SOUTO VENTURA
GPROD;GEXT7002;430075;4;FÍSICA TÉRMICA;50;QUA;07:00:00;08:40:00;E-401;OZEMAR SOUTO VENTURA
GPROD;GEXT7002;430075;4;FÍSICA TÉRMICA;50;QUI;07:00:00;08:40:00;E-401;OZEMAR SOUTO VENTURA
GTEL;GEXT7002;530298;4;FÍSICA TÉRMICA;13;TER;16:30:00;19:50:00;E-301;HILARIO ANTONIO RODRIGUES GONCALVES
GLEA;GLEA1017MA;011817;1;FORMAÇÃO DA SOCIEDADE BRASILEIRA;5;TER;10:40:00;12:20:00;E-415;HENRIQUE RESTIER DA COSTA SOUZA
GCIV;GCIV8808;770017;8;FUNDAÇÕES;45;QUI;19:50:00;21:30:00;D-224;JULIANO DE LIMA
GCIV;GCIV0836;790009;0;FUNDAÇÕES ESPECIAIS;30;QUA;19:00:00;20:40:00;D-326;JULIANO DE LIMA
GLEA;GLEA1025MA;011820;2;FUNDAMENTOS DE CIÊNCIA POLÍTICA;45;QUA;10:40:00;12:20:00;CAMPIII206;HENRIQUE RESTIER DA COSTA SOUZA
GTEL;GELE7911;500020;0;FUNDAMENTOS DE COMPUTAÇÃO E INFORMAÇÃO QUÂNTICAS;50;QUI;16:30:00;18:10:00;E-202;JOAO TERENCIO DIAS
GCIV;GCIV8301;720015;3;FUNDAMENTOS DE DESENHO DE PROJETOS;40;TER;18:10:00;20:40:00;D-214;BERNARDO FARIA RICHTER
GAMB;GEDA7004;147004;4;FUNDAMENTOS DE ENGENHARIA DE SEGURANÇA;30;QUI;12:50:00;15:25:00;CAMPIII206;JOSE MAURICIO DE AZEVEDO CARDOSO
GAUT;GEDA7004;652021;3;FUNDAMENTOS DE ENGENHARIA DE SEGURANÇA;20;TER;09:45:00;12:20:00;H-102;MARCELO DE SOUSA NOGUEIRA
GCIV;GCIV8407;730018;4;FUNDAMENTOS DE ENGENHARIA DE SEGURANÇA;45;QUA;17:20:00;19:00:00;D-218;CARLOS ALEXANDRE DE SOUZA E SILVA
GEL;GEDA7004;222237;3;FUNDAMENTOS DE ENGENHARIA DE SEGURANÇA;22;TER;09:45:00;12:20:00;H-102;MARCELO DE SOUSA NOGUEIRA
GELT;GEDA7004;322237;3;FUNDAMENTOS DE ENGENHARIA DE SEGURANÇA;26;TER;09:45:00;12:20:00;H-102;MARCELO DE SOUSA NOGUEIRA
GMEC;GEDA7004;170304;7;FUNDAMENTOS DE ENGENHARIA DE SEGURANÇA;20;TER;07:00:00;09:45:00;H-105;BERNARDO JOSE LIMA GOMES
GMEC;GEDA7004;170304;7;FUNDAMENTOS DE ENGENHARIA DE SEGURANÇA;20;TER;07:00:00;09:45:00;H-105;LAIS AMARAL ALVES
GPROD;GEDA7004;450089;6;FUNDAMENTOS DE ENGENHARIA DE SEGURANÇA;30;TER;07:00:00;09:45:00;H-105;BERNARDO JOSE LIMA GOMES
GTEL;GEDA7004;520220;3;FUNDAMENTOS DE ENGENHARIA DE SEGURANÇA;40;TER;09:45:00;12:20:00;H-102;MARCELO DE SOUSA NOGUEIRA
BCC;GADM1722;990001;0;FUNDAMENTOS DE MARKETING;5;SEG;08:55:00;12:20:00;H-103;PAULO HENRIQUE PINHO DE OLIVEIRA
GADM;GADM1722;821722;2;FUNDAMENTOS DE MARKETING;42;SEG;08:55:00;12:20:00;H-103;PAULO HENRIQUE PINHO DE OLIVEIRA
GAMB;GEAMB1731;171731;7;FUNDAMENTOS DE PROCESSOS INDUSTRIAIS;30;QUA;15:25:00;18:10:00;D-226;ANDRE LEONE RIGUETTI
BCC;GCC1310;930003;3;FUNDAMENTOS DE REDES DE COMPUTADORES;40;TER;18:10:00;21:30:00;P1-102;CELSO AFONSO PINTO
GFIS;GCC1310;220008;0;FUNDAMENTOS DE REDES DE COMPUTADORES;3;TER;18:10:00;21:30:00;P1-104;ALMIR SILVA DA SILVEIRA
GAMB;GEAMB1413;141413;4;GEOLOGIA;30;SEG;16:30:00;19:00:00;E-209;JUAN FELIPPE SANTIAGO DE VASCONCELLOS
GFIS;GEAMB1413;239007;0;GEOLOGIA;5;SEG;16:30:00;19:00:00;E-209;JUAN FELIPPE SANTIAGO DE VASCONCELLOS
GCIV;GCIV8503;740029-B;5;GEOTECNIA;30;SAB;08:55:00;11:30:00;D-214;JULIANO DE LIMA
GCIV;GCIV8503;740029-A;5;GEOTECNIA;45;QUI;17:20:00;19:50:00;D-222;JULIANO DE LIMA
GEL;GELE7310;292571;10;GERAÇÃO;50;SEX;19:00:00;21:30:00;E-301;YAN RICARDO DAMASCENO RANGEL
BCC;GCC1414;969696;4;GERÊNCIA DE PROJETOS DE TECNOLOGIA DA INFORMAÇÃO;40;SEG;18:10:00;21:30:00;P1-102;DIOGO SILVEIRA MENDONCA
GAMB;GEAMB1942;190012;0;GERENCIAMENTO DE ÁREAS CONTAMINADAS;20;SEG;19:00:00;21:30:00;E-405;JUAN FELIPPE SANTIAGO DE VASCONCELLOS
GADM;GADM1754;851754;5;GERENCIAMENTO DE PROJETOS;55;QUI;15:25:00;18:10:00;E-401;FERNANDO RAMOS CORREA
GCIV;GCIV0833;790007;0;GERENCIAMENTO ESTRATÉGICO DA FISCALIZAÇÃO E OPERAÇÃO DE TRÂNSITO;20;TER;16:30:00;18:10:00;D-224;LUIZ AFONSO PENHA DE SOUSA
GADM;GADM1758;851758;5;GESTÃO AMBIENTAL;55;SEG;15:25:00;18:10:00;CAMPIII201;ALINE GUIMARAES MONTEIRO TRIGO
GPROD;GPRO7825;460097;7;GESTÃO AMBIENTAL;40;QUA;09:45:00;12:20:00;E-301;PAULA MICHELLE PURCIDONIO
GAMB;GEAMB1939;190001;9;GESTÃO AMBIENTAL 1;40;QUA;18:10:00;21:30:00;E-405;JAQUELINE MARIA RIBEIRO VIEIRA
GFIS;GEAMB1939;239008;0;GESTÃO AMBIENTAL 1;5;QUA;18:10:00;21:30:00;E-405;JAQUELINE MARIA RIBEIRO VIEIRA
GAMB;GEAMB1042;190005;10;GESTÃO AMBIENTAL 2;20;SEG;18:10:00;21:30:00;D-310;ALINE GUIMARAES MONTEIRO TRIGO
GCIV;GCIV8905;780021;9;GESTÃO AMBIENTAL I;45;SEG;17:20:00;19:50:00;E-401;MARCELO DE JESUS RODRIGUES DA NOBREGA
GCIV;GCIV8001;780024;10;GESTÃO AMBIENTAL II;40;SEX;15:25:00;18:10:00;D-226;ANDREA SOUSA DA CUNHA FERNANDES
GPROD;GPRO7804;450083;5;GESTÃO DA INFORMAÇÃO I;40;SEX;09:45:00;12:20:00;E-313;MARIA CLARA LIPPI
BCC;GADM1731;990004;0;GESTÃO DA INOVAÇÃO;5;SEX;15:25:00;18:10:00;E-415;ALEXANDRE BARBOSA MARQUES
GADM;GADM1731;831731;3;GESTÃO DA INOVAÇÃO;55;SEX;15:25:00;18:10:00;E-415;ALEXANDRE BARBOSA MARQUES
GPROD;GPRO7812;460094;7;GESTÃO DA MANUTENÇÃO;40;QUI;09:45:00;12:20:00;E-305;LEYDERVAN DE SOUZA XAVIER
GAMB;GEAMB1515;151515;5;GESTÃO DA QUALIDADE;30;TER;12:50:00;15:25:00;H-105;PEDRO SENNA VIEIRA
GCIV;GCIV8404;755330;4;GESTÃO DA QUALIDADE;40;SEX;13:40:00;15:25:00;D-226;ANDREA SOUSA DA CUNHA FERNANDES
GPROD;GPRO7757;450088;6;GESTÃO DA QUALIDADE;44;SEG;09:45:00;12:20:00;E-415;PAULA MICHELLE PURCIDONIO
BCC;GADM1747;990006;0;GESTÃO DE PESSOAS I;5;QUA;14:35:00;18:10:00;H-101;URSULA GOMES ROSA MARUYAMA
GADM;GADM1747;841747;4;GESTÃO DE PESSOAS I;50;QUA;14:35:00;18:10:00;H-101;URSULA GOMES ROSA MARUYAMA
GADM;GADM1757;851757;5;GESTÃO DE PESSOAS II;55;TER;15:25:00;18:10:00;E-405;MIRIAM CARMEN MACIEL DA NOBREGA PACHECO
GPROD;GPRO7803;470098;8;GESTÃO DE PROJETOS;40;SEX;09:45:00;12:20:00;E-405;JOSE LUIZ FERNANDES
BCC;GADM1768;990008;0;GESTÃO DE SAÚDE E SEGURANÇA;5;TER;19:50:00;22:20:00;H-105;ALEXANDRE ALI GUIMARAES
GADM;GADM1768;851768;6;GESTÃO DE SAÚDE E SEGURANÇA;50;TER;19:50:00;22:20:00;H-105;ALEXANDRE ALI GUIMARAES
GADM;GADM1741;841741;4;GESTÃO EMPREENDEDORA;55;TER;12:50:00;15:25:00;D-224;URSULA GOMES ROSA MARUYAMA
GPROD;GPRO7815;490018;8;GESTÃO EMPREENDEDORA;40;SEG;17:20:00;19:50:00;E-313;RAFAEL PAIM CUNHA SANTOS
GLEA;GLEA1034MA;011838;3;GESTÃO ESTRATÉGICA;40;TER;10:40:00;12:20:00;E-401;YANA TORRES DE MAGALHAES
GLEA;GLEA1034MA;011838;3;GESTÃO ESTRATÉGICA;40;QUA;08:55:00;10:35:00;B-211;YANA TORRES DE MAGALHAES
GPROD;GPRO7741;470093;9;GESTÃO ESTRATÉGICA;40;SEG;17:20:00;19:50:00;E-303;AUGUSTO DA CUNHA REIS
BCC;GADM1759;990007;0;GESTÃO ESTRATÉGICA DA INFORMAÇÃO;5;QUA;15:25:00;18:10:00;CAMPIII203;MARCELO DE SOUSA NOGUEIRA
GADM;GADM1759;851759;5;GESTÃO ESTRATÉGICA DA INFORMAÇÃO;55;QUA;15:25:00;18:10:00;CAMPIII203;MARCELO DE SOUSA NOGUEIRA
GADM;GADM1737;831737;3;GESTÃO PÚBLICA;55;TER;12:50:00;15:25:00;D-226;RENATA FARIA DOS SANTOS
GCIV;GCIV8901;780022;9;GESTÃO SANITÁRIA DO AMBIENTE;40;QUI;17:20:00;19:50:00;D-224;ALINE GUIMARAES MONTEIRO TRIGO
GAMB;GEAMB1728;171728;7;HIDRÁULICA;30;SEG;14:35:00;16:15:00;E-403;CLAUDIO WILSON NOBREGA
GAMB;GEAMB1728;171728;7;HIDRÁULICA;30;SEG;14:35:00;16:15:00;E-403;ANNA PAULA BOURDON
GAMB;GEAMB1728;171728;7;HIDRÁULICA;30;TER;14:35:00;16:15:00;B-211;CLAUDIO WILSON NOBREGA
GAMB;GEAMB1728;171728;7;HIDRÁULICA;30;TER;14:35:00;16:15:00;B-211;ANNA PAULA BOURDON
GCIV;GCIV8701;760001;7;HIDRÁULICA E HIDROLOGIA;45;TER;19:50:00;21:30:00;D-222;MICKAELA MIDON DA PAIXAO
GCIV;GCIV8701;760001;7;HIDRÁULICA E HIDROLOGIA;45;QUI;18:10:00;19:50:00;D-222;MICKAELA MIDON DA PAIXAO
GMEC;GMEC5022;190620;0;HIDRÁULICA E PNEUMÁTICA;20;TER;18:10:00;21:30:00;E-401;JONATAS MOTTA QUIRINO
GAMB;GEAMB1620;161620;6;HIDROLOGIA E RECURSOS HÍDRICOS;30;QUA;18:10:00;21:30:00;D-316;JULIO CESAR OLIVEIRA ANTUNES
GLEA;GLEA2082MA;011906;0;HISTÓRIA DA SAÚDE E AS RELAÇÕES INTERNACIONAIS;15;TER;12:50:00;14:30:00;CAMPIII204;LEONARDO DE BEM LIGNANI
BCC;GCC1314;930010;3;HUMANIDADES E CIÊNCIAS SOCIAIS;40;QUI;13:40:00;15:25:00;P1-204;DANILO JUNIOR DE OLIVEIRA
GAMB;GEDA7301;157301;5;HUMANIDADES E CIÊNCIAS SOCIAIS;30;SEX;10:40:00;12:20:00;D-222;HENRIQUE RESTIER DA COSTA SOUZA
GAUT;GEDA7301;651014;2;HUMANIDADES E CIÊNCIAS SOCIAIS;15;QUA;10:40:00;12:20:00;H-105;ANDREZZA MENEZES COSTA
GEL;GEDA7301;212156;2;HUMANIDADES E CIÊNCIAS SOCIAIS;25;QUA;10:40:00;12:20:00;P1-205;ALICE MORAES REGO DE SOUZA
GEL;GEDA7301;212156;2;HUMANIDADES E CIÊNCIAS SOCIAIS;25;QUA;10:40:00;12:20:00;P1-205;MARIA CRISTINA GIORGI
GELT;GEDA7301;312156;2;HUMANIDADES E CIÊNCIAS SOCIAIS;25;QUA;10:40:00;12:20:00;H-105;ANDREZZA MENEZES COSTA
GFIS;GEDA7301;239005;0;HUMANIDADES E CIÊNCIAS SOCIAIS;5;SEX;10:40:00;12:20:00;D-222;HENRIQUE RESTIER DA COSTA SOUZA
GFIS;GEDA7301;239004;0;HUMANIDADES E CIÊNCIAS SOCIAIS;5;QUA;10:40:00;12:20:00;H-105;ANDREZZA MENEZES COSTA
GMEC;GEDA7301;110215;2;HUMANIDADES E CIÊNCIAS SOCIAIS;50;QUI;07:00:00;08:40:00;B-211;NADSON NEI DA SILVA DE SOUZA
GPROD;GEDA7301;410034;2;HUMANIDADES E CIÊNCIAS SOCIAIS;50;QUI;10:40:00;12:20:00;E-209;NADSON NEI DA SILVA DE SOUZA
GTEL;GEDA7301;510157;2;HUMANIDADES E CIÊNCIAS SOCIAIS;15;QUA;10:40:00;12:20:00;P1-205;MARIA CRISTINA GIORGI
GTEL;GEDA7301;510157;2;HUMANIDADES E CIÊNCIAS SOCIAIS;15;QUA;10:40:00;12:20:00;P1-205;ALICE MORAES REGO DE SOUZA
GCIV;GCIV8104;700007;1;HUMANIDADES E CIÊNICAS SOCIAIS;5;QUA;14:35:00;16:15:00;CAMPIII201;NADSON NEI DA SILVA DE SOUZA
GLEA;GLEA1015MA;011815;1;IDENTIDADES CULTURAIS I;5;QUA;08:55:00;10:35:00;D-222;HENRIQUE RESTIER DA COSTA SOUZA
GCIV;GCIV0819;790066;0;IMPACTOS AMBIENTAIS NAS MEGACIDADES;30;SEX;16:30:00;18:10:00;E-303;MARCELO DE JESUS RODRIGUES DA NOBREGA
BCC;GCC1625;960001;6;INFERÊNCIA ESTATÍSTICA;40;TER;14:35:00;16:15:00;P1-204;EDUARDO BEZERRA DA SILVA
BCC;GCC1840;981836;8;INFORMÁTICA E SOCIEDADE;40;TER;14:35:00;16:15:00;P1-205;CELSO AFONSO PINTO
GADM;GCC1837;890001;0;INFORMÁTICA E SOCIEDADE;5;TER;14:35:00;16:15:00;P1-205;CELSO AFONSO PINTO
GAMB;GPRO7824;157008;0;INOVAÇÃO;5;QUA;14:35:00;17:20:00;CAMPIII205;ANA LUIZA LIMA DE SOUZA
GPROD;GPRO7824;407824;0;INOVAÇÃO;15;QUA;14:35:00;17:20:00;CAMPIII205;ANA LUIZA LIMA DE SOUZA
GEL;GELE7071;262492;7;INSTALAÇOES ELETRICAS;50;QUA;18:10:00;19:50:00;D-314;THIAGO AMERICANO DO BRASIL
GCIV;GCIV8704;760005;7;INSTALAÇÕES ELÉTRICAS;45;QUA;17:20:00;19:00:00;D-222;RENATO SCHUMANN
GCIV;GCIV8704;760005;7;INSTALAÇÕES ELÉTRICAS;45;TER;18:10:00;19:50:00;D-216;RENATO SCHUMANN
GEL;GELE7306;272555;8;INSTALAÇÕES ELÉTRICAS INDUSTRIAIS;20;SEG;15:25:00;18:10:00;Pav. VI 01;ARTHUR MASSARI FILHO
GCIV;GCIV8603;750003;6;INSTALAÇÕES HIDRÁULICAS E SANITÁRIAS;45;TER;18:10:00;19:50:00;D-222;MICKAELA MIDON DA PAIXAO
GCIV;GCIV8603;750003;6;INSTALAÇÕES HIDRÁULICAS E SANITÁRIAS;45;QUI;19:50:00;21:30:00;D-324;MICKAELA MIDON DA PAIXAO
GMEC;GMEC7401;170600;8;INSTALAÇÕES INDUSTRIAIS;50;SEX;18:10:00;20:40:00;E-303;BRUNO PERAZZO PEDROSO BARBOSA
GAUT;GELE7365;607365;0;INSTRUMENTAÇÃO BIOMÉDICA;10;TER;17:20:00;19:50:00;PAV5 M7;PEDRO PABLO RIASCOS HENAO
GAUT;GELE7192;600000;9;INSTRUMENTAÇÃO ELETRÔNICA;20;QUI;18:10:00;19:00:00;;THIAGO MONTEIRO TUXI
GAUT;GELE7192;600000;9;INSTRUMENTAÇÃO ELETRÔNICA;20;QUI;19:00:00;20:40:00;;THIAGO MONTEIRO TUXI
GELT;GELE7192;382563;9;INSTRUMENTAÇÃO ELETRÔNICA;15;TER;18:10:00;19:00:00;E-210;ULISSES DE FREITAS CARNEIRO DA GRACA
GELT;GELE7192;382563;9;INSTRUMENTAÇÃO ELETRÔNICA;15;TER;19:00:00;20:40:00;E-210;ULISSES DE FREITAS CARNEIRO DA GRACA
GCIV;GCIV0840;700840;0;INSTRUMENTAÇÃO TOPOGRÁFICA;20;SEG;18:10:00;19:50:00;D-210;CARLOS ALEXANDRE DE SOUZA E SILVA
BCC;GCC1734;991734;7;INTELIGÊNCIA ARTIFICIAL;40;TER;16:30:00;18:10:00;P1-103;EDUARDO BEZERRA DA SILVA
BCC;GCC1734;991734;7;INTELIGÊNCIA ARTIFICIAL;40;SEX;14:35:00;16:15:00;P1-205;EDUARDO BEZERRA DA SILVA
GAUT;GELE7377;658006;0;INTELIGÊNCIA ARTIFICIAL E APRENDIZADO DE MÁQUINAS;15;QUA;17:20:00;19:50:00;E-201;PEDRO PABLO RIASCOS HENAO
BCC;GCC1626;960002;6;INTELIGÊNCIA COMPUTACIONAL;40;QUI;13:40:00;17:20:00;P1-101;LAERCIO BRITO GONCALVES
BCC;GCC1628;960003;6;INTERAÇÃO HUMANO-COMPUTADOR;40;SEG;18:10:00;21:30:00;P1-103;FABIO PASCHOAL JUNIOR
GCIV;GEDA7802;707802;0;INTERCÂMBIO ESTUDANTIL;30;;;;;
BCC;GCC1101;910003;1;INTRODUÇÃO À ADMINISTRAÇÃO;10;SEX;12:50:00;14:30:00;D-224;FERNANDO RAMOS CORREA
BCC;GCC1101;910003;1;INTRODUÇÃO À ADMINISTRAÇÃO;10;SEX;12:50:00;14:30:00;D-224;LUCIANO OLIVEIRA CARINO
GPROD;GPRO1011MA;417826;1;INTRODUÇÃO À ADMINISTRAÇÃO;10;SEG;09:45:00;12:20:00;E-209;AUGUSTO DA CUNHA REIS
GAMB;GEAMB1414;147101;4;INTRODUÇÃO A ECONOMIA;20;SEX;12:50:00;14:30:00;E-403;LICIA LAURA CRAVEIRO DE SOUZA QUEIROZ
GPROD;GPRO7802;410022;2;INTRODUÇÃO A ECONOMIA;50;QUA;09:45:00;12:20:00;CAMPIII203;LICIA LAURA CRAVEIRO DE SOUZA QUEIROZ
GADM;GADM1013MA;811713;1;INTRODUÇÃO À ECONOMIA;5;SEG;07:00:00;09:45:00;H-105;MARCELO SAMPAIO DIAS MACIEL
GAUT;GEDA7800;650003;1;INTRODUÇÃO A ENGENHARIA;5;QUA;14:35:00;16:15:00;E-201;FERNANDO AGUSTIN PAZOS
GEL;GEDA7800;201028;1;INTRODUÇÃO A ENGENHARIA;5;TER;09:45:00;11:30:00;106;MAMOUR SOP NDIAYE
GELT;GEDA7800;301028;1;INTRODUÇÃO A ENGENHARIA;5;TER;10:40:00;12:20:00;E 214;ANDRE LUIS COSTA CANELLA
GMEC;GEDA7800;101083;1;INTRODUÇÃO A ENGENHARIA;9;SEG;10:40:00;12:20:00;D-224;LAIS AMARAL ALVES
GCIV;GCIV8101;700003;1;INTRODUÇÃO À ENGENHARIA;5;TER;18:10:00;19:50:00;D-324;LUIZ AFONSO PENHA DE SOUSA
GAMB;GEAMB1104;162006;1;INTRODUÇÃO A ENGENHARIA AMBIENTAL;10;QUA;12:50:00;14:30:00;B-211;ANDRE LEONE RIGUETTI
GPROD;GPRO1012MA;417860;1;INTRODUÇÃO À ENGENHARIA DE PRODUÇÃO;10;QUA;10:40:00;12:20:00;H-104;PEDRO SENNA VIEIRA
GTEL;GTEL1011MA;501025;1;INTRODUÇÃO À ENGENHARIA DE TELECOMUNICAÇÕES I;5;QUA;14:35:00;16:15:00;E-307;RENATA BRAZ FALCAO DA COSTA
GEL;GELE1011MA;201029;1;INTRODUÇÃO À ENGENHARIA ELÉTRICA;5;TER;09:45:00;11:30:00;106;MAMOUR SOP NDIAYE
GFIS;GFIS1012MA;217305;1;INTRODUÇÃO À FÍSICA;20;QUA;08:55:00;10:35:00;E-405;ALVARO LUIS MARTINS DE ALMEIDA NOGUEIRA
GADM;GADM1011MA;811711;1;INTRODUÇÃO À GESTÃO;5;SEX;08:55:00;12:20:00;H-105;ALEXANDRE ALI GUIMARAES
GLEA;GLEA1019MA;011711;1;INTRODUÇÃO À GESTÃO;5;QUA;10:40:00;12:20:00;D-322;YANA TORRES DE MAGALHAES
GLEA;GLEA1019MA;011711;1;INTRODUÇÃO À GESTÃO;5;SEX;10:40:00;12:20:00;B-211;YANA TORRES DE MAGALHAES
GLEA;GLEA2047MA;011054;0;INTRODUÇÃO À LÍNGUA E CULTURA ITALIANAS;15;SEG;12:50:00;14:30:00;CAMPIII204;MARIA CRISTINA GIORGI
GAUT;GMEC7611;600005;5;INTRODUÇÃO À TERMODINÂMICA;15;SEG;15:25:00;18:10:00;D-222;BRUNO PERAZZO PEDROSO BARBOSA
GLEA;GLEA1038MA;011830;3;INTRODUÇÃO AO MARKETING;40;SEX;07:00:00;09:45:00;I-104;YANA TORRES DE MAGALHAES
GLEA;GLEA1037MA;011837;3;INTRODUÇÃO AO TURISMO E À HOSPITALIDADE;40;QUI;10:40:00;12:20:00;CAMPIII205;FELIPE GONCALVES FELIX
GLEA;GLEA1018MA;011818;1;INTRODUÇÃO ÀS RELAÇÕES INTERNACIONAIS;5;SEG;07:00:00;09:45:00;I-104;TAMIRES MARIA ALVES
GADM;GADM1774;871774;7;JOGOS DE NEGÓCIOS;55;QUI;19:50:00;22:20:00;E-313;PAULO HENRIQUE PINHO DE OLIVEIRA
GAMB;GEAMB1940;ESPECIAL1;9;LEGISLAÇÃO E DIREITO AMBIENTAL;1;QUI;18:10:00;21:30:00;;RODRIGO DA SILVA MACHADO
GAMB;GEAMB1940;190002;9;LEGISLAÇÃO E DIREITO AMBIENTAL;30;TER;18:10:00;21:30:00;E-303;RODRIGO DA SILVA MACHADO
BCC;GCC1836;981836;8;LEGISLAÇÃO EM INFORMÁTICA;40;QUA;14:35:00;16:15:00;H-105;ANDREZZA MENEZES COSTA
GADM;GCC1836;890006;0;LEGISLAÇÃO EM INFORMÁTICA;5;QUA;14:35:00;16:15:00;H-105;ANDREZZA MENEZES COSTA
GCIV;GCIV0817;790008;0;LICENCIAMENTO AMBIENTAL;20;SEX;18:10:00;19:50:00;D-216;MARCELO DE JESUS RODRIGUES DA NOBREGA
GLEA;GLEA1011MA;011811-A;1;LÍNGUA ESPANHOLA I;0;SEG;10:40:00;12:20:00;CAMPIII204;ALICE MORAES REGO DE SOUZA
GLEA;GLEA1011MA;011811-A;1;LÍNGUA ESPANHOLA I;0;QUA;07:00:00;08:40:00;CAMPIII205;ALICE MORAES REGO DE SOUZA
GLEA;GLEA1011MA;011811-B;1;LÍNGUA ESPANHOLA I;0;SEG;10:40:00;12:20:00;I-105;MARIA CRISTINA GIORGI
GLEA;GLEA1011MA;011811-B;1;LÍNGUA ESPANHOLA I;0;QUA;07:00:00;08:40:00;I-105;MARIA CRISTINA GIORGI
GLEA;GLEA1031MA;011831;3;LÍNGUA ESPANHOLA III;40;SEG;07:00:00;08:40:00;CAMPIII203;ADRIANA MARIA RAMOS OLIVEIRA
GLEA;GLEA1031MA;011831;3;LÍNGUA ESPANHOLA III;40;QUA;07:00:00;08:40:00;E-403;ADRIANA MARIA RAMOS OLIVEIRA
GLEA;GLEA1851;011851;5;LÍNGUA ESPANHOLA V;40;SEG;09:45:00;12:20:00;B-211;ADRIANA MARIA RAMOS OLIVEIRA
GLEA;GLEA1861;011817;6;LÍNGUA ESPANHOLA VI;40;QUA;08:55:00;10:35:00;CAMPIII206;ALICE MORAES REGO DE SOUZA
GLEA;GLEA1871;011871;7;LÍNGUA ESPANHOLA VII: TRADUÇÃO X VERSÃO;40;QUA;08:55:00;10:35:00;C-211;ADRIANA MARIA RAMOS OLIVEIRA
GLEA;GLEA1013MA;011813A;1;LÍNGUA FRANCESA I;2;TER;08:55:00;10:35:00;B-211;GILEADE PEREIRA DE GODOI
GLEA;GLEA1013MA;011813A;1;LÍNGUA FRANCESA I;2;QUI;08:55:00;10:35:00;B-211;GILEADE PEREIRA DE GODOI
GLEA;GLEA1013MA;011813B;1;LÍNGUA FRANCESA I;3;TER;08:55:00;10:35:00;I-105;ANDREA REIS DA COSTA
GLEA;GLEA1013MA;011813B;1;LÍNGUA FRANCESA I;3;QUI;08:55:00;10:35:00;I-105;ANDREA REIS DA COSTA
GLEA;GLEA1033MA;011833;3;LÍNGUA FRANCESA III;40;TER;07:00:00;08:40:00;D-222;ANDREA REIS DA COSTA
GLEA;GLEA1033MA;011833;3;LÍNGUA FRANCESA III;40;QUI;07:00:00;08:40:00;I-104;ANDREA REIS DA COSTA
GLEA;GLEA1853;011853;5;LÍNGUA FRANCESA V;40;QUA;07:00:00;09:45:00;E-409;ANDREA REIS DA COSTA
GLEA;GLEA1863;011900;6;LÍNGUA FRANCESA VI;40;QUA;10:40:00;12:20:00;;ANDREA REIS DA COSTA
GLEA;GLEA1873;011873;7;LÍNGUA FRANCESA VII: TRADUÇÃO X VERSÃO;40;QUI;07:00:00;08:40:00;C-211;GILEADE PEREIRA DE GODOI
GLEA;GLEA1012MA;011812 B;1;LÍNGUA INGLESA I;2;TER;07:00:00;08:40:00;I-105;ALESSANDRA CRISTINA BITTENCOURT ALCANTARA
GLEA;GLEA1012MA;011812 B;1;LÍNGUA INGLESA I;2;QUI;07:00:00;08:40:00;I-105;ALESSANDRA CRISTINA BITTENCOURT ALCANTARA
GLEA;GLEA1012MA;011812 A;1;LÍNGUA INGLESA I;3;TER;07:00:00;08:40:00;C-211;RENATA DE SOUZA GOMES
GLEA;GLEA1012MA;011812 A;1;LÍNGUA INGLESA I;3;QUI;07:00:00;08:40:00;I-106;RENATA DE SOUZA GOMES
GLEA;GLEA1032MA;011832;3;LÍNGUA INGLESA III;40;TER;08:55:00;10:35:00;E-305;ALESSANDRA CRISTINA BITTENCOURT ALCANTARA
GLEA;GLEA1032MA;011832;3;LÍNGUA INGLESA III;40;QUI;08:55:00;10:35:00;I-104;ALESSANDRA CRISTINA BITTENCOURT ALCANTARA
GLEA;GLEA1852;011852;5;LÍNGUA INGLESA V;40;QUI;09:45:00;12:20:00;CAMPIII201;RENATA DE SOUZA GOMES
GLEA;GLEA1862;011901;6;LÍNGUA INGLESA VI;40;TER;10:40:00;12:20:00;;RENATA DE SOUZA GOMES
GLEA;GLEA1872;011872;7;LÍNGUA INGLESA VII: TRADUÇÃO X VERSÃO;40;TER;08:55:00;10:35:00;C-211;RENATA DE SOUZA GOMES
GLEA;GLEA1016MA;011816;1;LINGUAGEM E SOCIEDADE;5;QUI;10:40:00;12:20:00;B-211;LEANDRO DA SILVA GOMES CRISTOVAO
GELT;GELE7361;397294;0;LINGUAGEM E TÉCNICAS DE PROGRAMAÇÃO PARA ENGENHARIA;8;TER;16:30:00;19:00:00;E-306;ANA FLAVIA PEIXOTO DE CAMARGOS
GELT;GELE7361;397294;0;LINGUAGEM E TÉCNICAS DE PROGRAMAÇÃO PARA ENGENHARIA;8;QUI;11:30:00;12:20:00;E-210;ANA FLAVIA PEIXOTO DE CAMARGOS
GPROD;GPRO1013MA;410010;1;LINGUAGENS DE PROGRAMAÇÃO PARA EP;50;SEG;07:50:00;09:45:00;E-313;IGOR LEAO DOS SANTOS MONTES
GPROD;GPRO1013MA;410010;1;LINGUAGENS DE PROGRAMAÇÃO PARA EP;50;TER;09:45:00;11:30:00;E-313;IGOR LEAO DOS SANTOS MONTES
GADM;GADM1734;831734;3;LÓGICA;50;QUA;16:30:00;18:10:00;E-403;LUCIANO OLIVEIRA CARINO
GADM;GADM1734;831734;3;LÓGICA;50;QUA;16:30:00;18:10:00;E-403;LUIZ ROGERIO CORDEIRO DE OLIVEIRA
BCC;GCC1104;911104;1;LÓGICA MATEMÁTICA;10;QUA;18:10:00;21:30:00;H-101;RENATHA OLIVA CAPUA
GFIS;GCC1104;220009;0;LÓGICA MATEMÁTICA;3;QUA;18:10:00;21:30:00;H-101;DIEGO NUNES BRANDAO
GADM;GADM1751;851751;5;LOGÍSTICA;55;QUA;18:10:00;21:30:00;H-105;ALEXANDRE ALI GUIMARAES
GPROD;GPRO7814;470090;9;LOGÍSTICA;40;TER;18:10:00;21:30:00;E-313;PEDRO SENNA VIEIRA
GMEC;GMEC7403;160561;7;LUBRIFICAÇÃO E MANUTENÇÃO;50;SEX;09:45:00;12:20:00;E-401;JORGE LUIZ COUTINHO DINIZ
GADM;GADM1743;841743;4;MACROECONOMIA;55;QUA;12:50:00;14:30:00;E-209;MARCELO SAMPAIO DIAS MACIEL
GADM;GADM1743;841743;4;MACROECONOMIA;55;SEG;12:50:00;13:40:00;;MARCELO SAMPAIO DIAS MACIEL
GMEC;GMEC7106;190608;8;MÁQUINAS DE TRANSPORTE;50;QUA;18:10:00;20:40:00;E-305;FELIPE DO CARMO AMORIM
GMEC;GMEC7405;140406;5;MÁQUINAS OPERATRIZES;50;SEG;07:00:00;08:40:00;E-305;MANUEL JOAQUIM DE CASTRO LOURENCO
GMEC;GMEC7405;140406;5;MÁQUINAS OPERATRIZES;50;SEG;07:00:00;08:40:00;E-305;JORGE LUIZ COUTINHO DINIZ
GMEC;GMEC7405;140406;5;MÁQUINAS OPERATRIZES;50;SEX;07:00:00;08:40:00;LAB 7;MANUEL JOAQUIM DE CASTRO LOURENCO
GMEC;GMEC7405;140406;5;MÁQUINAS OPERATRIZES;50;SEX;07:00:00;08:40:00;LAB 7;JORGE LUIZ COUTINHO DINIZ
BCC;GCC1208;920006 B;2;MATEMÁTICA DISCRETA;40;QUI;18:10:00;21:30:00;P1-203;DIEGO NUNES BRANDAO
BCC;GCC1208;920006 A;2;MATEMÁTICA DISCRETA;40;QUI;18:10:00;21:30:00;P1-205;MAYARA MIDORI OMAI
GFIS;GCC1208;220006;0;MATEMÁTICA DISCRETA;3;QUI;18:10:00;21:30:00;P1-203;MAYARA MIDORI OMAI
BCC;GADM1746;990005;0;MATEMÁTICA FINANCEIRA;5;SEX;12:50:00;16:15:00;D-222;MARCUS VAL SPRINGER
GADM;GADM1746;841746;4;MATEMÁTICA FINANCEIRA;60;SEX;12:50:00;16:15:00;D-222;MARCUS VAL SPRINGER
GCIV;GCIV8501;740031;5;MATERIAIS DE CONSTRUÇÃO CIVIL I;45;SEG;18:10:00;19:50:00;D-218;GERSON LUIS DE ARAUJO RODRIGUES
GCIV;GCIV8501;740031;5;MATERIAIS DE CONSTRUÇÃO CIVIL I;45;SEX;18:10:00;19:50:00;D-226;GERSON LUIS DE ARAUJO RODRIGUES
GCIV;GCIV8601;750001;6;MATERIAIS DE CONSTRUÇÃO CIVIL II;45;SEX;19:50:00;21:30:00;D-226;GERSON LUIS DE ARAUJO RODRIGUES
GCIV;GCIV8601;750001;6;MATERIAIS DE CONSTRUÇÃO CIVIL II;45;SEG;19:50:00;21:30:00;D-226;GERSON LUIS DE ARAUJO RODRIGUES
GMEC;GMEC7301;130341;4;MATERIAIS DE CONSTRUÇÃO MECÂNICA;50;TER;07:00:00;08:40:00;E-307;LUIS FELIPE GUIMARAES DE SOUZA
GMEC;GMEC7301;130341;4;MATERIAIS DE CONSTRUÇÃO MECÂNICA;50;QUA;07:00:00;09:45:00;H-101;LUIS FELIPE GUIMARAES DE SOUZA
GAUT;GELE7042;653030;4;MATERIAIS ELÉTRICOS;15;TER;13:40:00;16:15:00;H-102;ANA FLAVIA PEIXOTO DE CAMARGOS
GEL;GELE7042;232300;4;MATERIAIS ELÉTRICOS;15;TER;13:40:00;16:15:00;H-102;ANA FLAVIA PEIXOTO DE CAMARGOS
GELT;GELE7042;332300;4;MATERIAIS ELÉTRICOS;15;TER;13:40:00;16:15:00;H-102;ANA FLAVIA PEIXOTO DE CAMARGOS
GTEL;GELE7042;530280;4;MATERIAIS ELÉTRICOS;15;TER;13:40:00;16:15:00;H-102;ANA FLAVIA PEIXOTO DE CAMARGOS
GFIS;GFIS8505;220001;5;MECÂNICA ANALÍTICA I;20;QUA;10:40:00;12:20:00;E-401;ALVARO LUIS MARTINS DE ALMEIDA NOGUEIRA
GFIS;GFIS8505;220001;5;MECÂNICA ANALÍTICA I;20;SEX;10:40:00;12:20:00;D-226;ALVARO LUIS MARTINS DE ALMEIDA NOGUEIRA
BCC;GEXT7001;990012;0;MECÂNICA BÁSICA;2;QUA;07:00:00;09:45:00;H-104;ANTONIO JOSE SOARES MADEIRA DOMINGUES
BCC;GEXT7001;990012;0;MECÂNICA BÁSICA;2;SEX;08:55:00;10:35:00;H-103;ANTONIO JOSE SOARES MADEIRA DOMINGUES
BCC;GEXT7001;990011;0;MECÂNICA BÁSICA;3;QUA;07:00:00;08:40:00;E-305;DIRCEU ATANAZIO PORTES JUNIOR
BCC;GEXT7001;990011;0;MECÂNICA BÁSICA;3;SEX;07:00:00;09:45:00;H-104;DIRCEU ATANAZIO PORTES JUNIOR
GAMB;GEXT7001;Esp Mc bas;2;MECÂNICA BÁSICA;25;QUA;15:25:00;18:10:00;E-303;ALVARO LUIS MARTINS DE ALMEIDA NOGUEIRA
GAMB;GEXT7001;Esp Mc bas;2;MECÂNICA BÁSICA;25;SEX;12:50:00;14:30:00;E-307;ALVARO LUIS MARTINS DE ALMEIDA NOGUEIRA
GAMB;GEXT7001;127001;2;MECÂNICA BÁSICA;20;QUA;15:25:00;18:10:00;H-102;NATALIA FERREIRA
GAMB;GEXT7001;127001;2;MECÂNICA BÁSICA;20;SEX;12:50:00;14:30:00;H-102;NATALIA FERREIRA
GAUT;GEXT7001;651013;2;MECÂNICA BÁSICA;25;QUA;15:25:00;18:10:00;CAMPIII203;LUIS FERNANDO DOS SANTOS
GAUT;GEXT7001;651013;2;MECÂNICA BÁSICA;25;SEX;12:50:00;14:30:00;E-303;LUIS FERNANDO DOS SANTOS
GCIV;GEXT7001;710005;2;MECÂNICA BÁSICA;27;QUA;15:25:00;18:10:00;H-102;NATALIA FERREIRA
GCIV;GEXT7001;710005;2;MECÂNICA BÁSICA;27;SEX;12:50:00;14:30:00;H-102;NATALIA FERREIRA
GCIV;GEXT7001;Esp Mc Bas;2;MECÂNICA BÁSICA;25;QUA;15:25:00;18:10:00;E-303;ALVARO LUIS MARTINS DE ALMEIDA NOGUEIRA
GCIV;GEXT7001;Esp Mc Bas;2;MECÂNICA BÁSICA;25;SEX;12:50:00;14:30:00;E-307;ALVARO LUIS MARTINS DE ALMEIDA NOGUEIRA
GEL;GEXT7001;212130;2;MECÂNICA BÁSICA;25;QUA;15:25:00;18:10:00;H-104;RICARDO CARDOSO PASQUALI
GEL;GEXT7001;212130;2;MECÂNICA BÁSICA;25;SEX;12:50:00;14:30:00;H-104;RICARDO CARDOSO PASQUALI
GELT;GEXT7001;312130;2;MECÂNICA BÁSICA;25;QUA;15:25:00;18:10:00;H-104;RICARDO CARDOSO PASQUALI
GELT;GEXT7001;312130;2;MECÂNICA BÁSICA;25;SEX;12:50:00;14:30:00;H-104;RICARDO CARDOSO PASQUALI
GMEC;GEXT7001;110221;2;MECÂNICA BÁSICA;50;QUA;07:00:00;09:45:00;E-305;DIRCEU ATANAZIO PORTES JUNIOR
GMEC;GEXT7001;110221;2;MECÂNICA BÁSICA;50;SEX;07:00:00;08:40:00;H-104;DIRCEU ATANAZIO PORTES JUNIOR
GPROD;GEXT7001;410062;2;MECÂNICA BÁSICA;50;QUA;07:00:00;09:45:00;H-104;ANTONIO JOSE SOARES MADEIRA DOMINGUES
GPROD;GEXT7001;410062;2;MECÂNICA BÁSICA;50;SEX;08:55:00;10:35:00;H-103;ANTONIO JOSE SOARES MADEIRA DOMINGUES
GTEL;GEXT7001;510130;2;MECÂNICA BÁSICA;25;QUA;15:25:00;18:10:00;CAMPIII203;LUIS FERNANDO DOS SANTOS
GTEL;GEXT7001;510130;2;MECÂNICA BÁSICA;25;SEX;12:50:00;14:30:00;E-303;LUIS FERNANDO DOS SANTOS
GMEC;GMEC7008;130391;6;MECÂNICA DOS FLUIDOS;50;TER;10:40:00;12:20:00;E-303;LUCIANA LOUREIRO DA SILVA MONTEIRO
GMEC;GMEC7008;130391;6;MECÂNICA DOS FLUIDOS;50;QUA;07:00:00;08:40:00;E-307;LUCIANA LOUREIRO DA SILVA MONTEIRO
GMEC;GMEC7008;130391;6;MECÂNICA DOS FLUIDOS;50;QUA;08:55:00;10:35:00;E-307;LUCIANA LOUREIRO DA SILVA MONTEIRO
GAMB;GEAMB1619;161619;6;MECÂNICA DOS SOLOS;40;SEG;18:10:00;21:30:00;E-305;DESIREE CHRISTINE DE OLIVEIRA E SILVA
GCIV;GCIV8604;750004;6;MECÂNICA DOS SOLOS I;45;QUA;19:50:00;21:30:00;D-224;AMARO FRANCISCO CODA DOS SANTOS
GCIV;GCIV8604;750004;6;MECÂNICA DOS SOLOS I;45;SEX;17:20:00;19:50:00;D-224;AMARO FRANCISCO CODA DOS SANTOS
GCIV;GCIV8705;760006;7;MECÂNICA DOS SOLOS II;45;SEG;18:10:00;19:50:00;D-222;AMARO FRANCISCO CODA DOS SANTOS
GCIV;GCIV8705;760006;7;MECÂNICA DOS SOLOS II;45;SEX;19:50:00;21:30:00;D-222;AMARO FRANCISCO CODA DOS SANTOS
GFIS;GFIS8701;220002;7;MECÂNICA ESTATÍSTICA;20;QUA;16:30:00;18:15:00;E-405;DIRCEU ATANAZIO PORTES JUNIOR
GFIS;GFIS8701;220002;7;MECÂNICA ESTATÍSTICA;20;SEX;16:30:00;19:00:00;E-209;DIRCEU ATANAZIO PORTES JUNIOR
GAMB;GMEC7003;Esp Mecge;3;MECÂNICA GERAL;40;SEG;12:50:00;15:25:00;D-222;BRUNO PERAZZO PEDROSO BARBOSA
GAMB;GMEC7003;137003;3;MECÂNICA GERAL;40;QUI;12:50:00;15:25:00;D-224;LAIS AMARAL ALVES
GAMB;GMEC7003;137003;3;MECÂNICA GERAL;40;QUI;12:50:00;15:25:00;D-224;JONATAS MOTTA QUIRINO
GAUT;GMEC7003;652020;3;MECÂNICA GERAL;16;TER;12:50:00;15:25:00;D-222;PAULO CESAR DA CAMARA MONTEIRO JUNIOR
GCIV;GCIV8303;720016;3;MECÂNICA GERAL;45;SEX;19:00:00;21:30:00;D-314;JULIANO DE LIMA
GEL;GMEC7003;222199;3;MECÂNICA GERAL;15;TER;12:50:00;15:25:00;D-222;PAULO CESAR DA CAMARA MONTEIRO JUNIOR
GELT;GMEC7003;322199;3;MECÂNICA GERAL;15;TER;12:50:00;15:25:00;D-222;PAULO CESAR DA CAMARA MONTEIRO JUNIOR
GPROD;GMEC7003;420067;3;MECÂNICA GERAL;50;TER;07:50:00;08:40:00;H-102;PAULO CESAR DA CAMARA MONTEIRO JUNIOR
GPROD;GMEC7003;420067;3;MECÂNICA GERAL;50;QUA;07:00:00;08:40:00;E-415;PAULO CESAR DA CAMARA MONTEIRO JUNIOR
GTEL;GMEC7003;520211;3;MECÂNICA GERAL;15;TER;12:50:00;15:25:00;D-222;PAULO CESAR DA CAMARA MONTEIRO JUNIOR
GFIS;GFIS8702;220012;7;MECÂNICA QUÂNTICA II;20;TER;12:50:00;14:30:00;E-415;NELSON LUIZ PANZA PEREIRA DA SILVA
GFIS;GFIS8702;220012;7;MECÂNICA QUÂNTICA II;20;QUI;12:50:00;14:30:00;E-415;NELSON LUIZ PANZA PEREIRA DA SILVA
GMEC;GMEC7101;140449;5;MECANISMOS;50;TER;08:55:00;12:20:00;E-209;FELIPE DO CARMO AMORIM
GAUT;GELE7162;655043;7;MEDIDAS ELÉTRICAS E MAGNÉTICAS;10;SEG;19:00:00;22:20:00;H-103;YAN RICARDO DAMASCENO RANGEL
GEL;GELE7162;262550;7;MEDIDAS ELÉTRICAS E MAGNÉTICAS;20;SEG;19:00:00;22:20:00;H-103;YAN RICARDO DAMASCENO RANGEL
GELT;GELE7162;362550;7;MEDIDAS ELÉTRICAS E MAGNÉTICAS;25;SEG;19:00:00;22:20:00;H-103;ALEXANDRE BERGANTINI DE SOUZA
GTEL;GELE7162;562550;7;MEDIDAS ELÉTRICAS E MAGNÉTICAS;7;SEG;19:00:00;22:20:00;H-103;ALEXANDRE BERGANTINI DE SOUZA
GMEC;GMEC7302;150538;5;METALOGRAFIA E TRATAMENTOS TÉRMICOS I;40;SEG;10:40:00;12:20:00;Metrologia;MATHEUS CAMPOLINA MENDES
GMEC;GMEC7302;150538;5;METALOGRAFIA E TRATAMENTOS TÉRMICOS I;40;QUA;08:55:00;10:35:00;E-403;MATHEUS CAMPOLINA MENDES
GMEC;GMEC7303;160594;6;METALOGRAFIA E TRATAMENTOS TÉRMICOS II;40;TER;07:00:00;08:40:00;E-305;MATHEUS CAMPOLINA MENDES
GMEC;GMEC7303;160594;6;METALOGRAFIA E TRATAMENTOS TÉRMICOS II;40;QUA;10:40:00;12:20:00;E-403;MATHEUS CAMPOLINA MENDES
GMEC;GMEC7613;100001;0;METALURGIA DA SOLDAGEM I;25;TER;07:00:00;09:45:00;E-518;JORGE CARLOS FERREIRA JORGE
GMEC;GMEC7614;100002;0;METALURGIA DA SOLDAGEM II;25;TER;09:45:00;12:20:00;E-518;JORGE CARLOS FERREIRA JORGE
BCC;GCC1523;951523;5;METODOLOGIA CIENTÍFICA;40;QUA;14:35:00;16:15:00;P1-205;EDUARDO SOARES OGASAWARA
GAMB;GEDA7401;127401;2;METODOLOGIA CIENTÍFICA;30;SEG;16:30:00;18:10:00;H-101;MIRIAM CARMEN MACIEL DA NOBREGA PACHECO
GAUT;GEDA7401;651010;2;METODOLOGIA CIENTÍFICA;50;SEG;16:30:00;18:10:00;H-101;MIRIAM CARMEN MACIEL DA NOBREGA PACHECO
GCIV;GCIV8203;710006;2;METODOLOGIA CIENTÍFICA;45;SEX;18:10:00;19:50:00;D-220;ANDREA SOUSA DA CUNHA FERNANDES
GEL;GEDA7401;212172;2;METODOLOGIA CIENTÍFICA;50;SEG;16:30:00;18:10:00;H-101;MIRIAM CARMEN MACIEL DA NOBREGA PACHECO
GELT;GEDA7401;312172;2;METODOLOGIA CIENTÍFICA;50;SEG;16:30:00;18:10:00;H-101;MIRIAM CARMEN MACIEL DA NOBREGA PACHECO
GMEC;GEDA7401;110256;2;METODOLOGIA CIENTÍFICA;50;SEG;10:40:00;12:20:00;D-226;JONATAS MOTTA QUIRINO
GPROD;GEDA7401;410005;2;METODOLOGIA CIENTÍFICA;50;TER;10:40:00;12:20:00;D-222;CRISTINA GOMES DE SOUZA
GTEL;GEDA7401;510165;2;METODOLOGIA CIENTÍFICA;50;SEG;16:30:00;18:10:00;H-101;MIRIAM CARMEN MACIEL DA NOBREGA PACHECO
GADM;GADM1762;851762;6;METODOLOGIA DA PESQUISA;55;QUA;18:10:00;20:40:00;E-307;MARCELO DE SOUSA NOGUEIRA
GADM;GADM1719;811719;0;MÉTODOS ÁGEIS DE GESTÃO;40;SEG;16:30:00;18:10:00;H-105;RENATA FARIA DOS SANTOS
GPROD;GEXT7712;430077;4;MÉTODOS ESTATÍSTICOS;50;TER;09:45:00;12:20:00;E-307;CAROLINE PONCE DE MORAES
GMEC;GMEC7402;140430;5;METROLOGIA;20;TER;07:00:00;08:40:00;Metrologia;LUIZ ROBERTO OLIVEIRA DA SILVA
GMEC;GMEC7402;140430;5;METROLOGIA;20;QUA;08:55:00;10:35:00;Metrologia;LUIZ ROBERTO OLIVEIRA DA SILVA
GMEC;GMEC7402;140473;5;METROLOGIA;20;TER;07:00:00;08:40:00;Metrologia;LUIZ ROBERTO OLIVEIRA DA SILVA
GMEC;GMEC7402;140473;5;METROLOGIA;20;QUA;07:00:00;08:40:00;Metrologia;LUIZ ROBERTO OLIVEIRA DA SILVA
GAMB;GEAMB1621;161621;6;MICROBIOLOGIA;40;TER;14:35:00;18:10:00;CAMPIII203;MARIA JOSE PAES SANTOS
GADM;GADM1753;851753;5;MICROECONOMIA;55;TER;18:10:00;19:50:00;E-307;FABIO DE SIMONE E SOUZA
GADM;GADM1753;851753;5;MICROECONOMIA;55;QUI;18:10:00;19:50:00;E-305;FABIO DE SIMONE E SOUZA
GELT;GELE7319;372559;8;MICROELETRÔNICA;16;TER;12:50:00;14:30:00;CAMPIII203;VINICIUS COUTINHO DE OLIVEIRA
GELT;GELE7319;372559;8;MICROELETRÔNICA;16;TER;14:35:00;16:15:00;E-210;VINICIUS COUTINHO DE OLIVEIRA
GTEL;GELE7282;570525;8;MICROONDAS;50;QUI;14:35:00;17:20:00;E-215;ANA ELISA LEITAO ALONSO FERREIRA
GAUT;GELE7185;655045;6;MICROPROCESSADORES I;15;TER;17:20:00;19:00:00;E110;JOAO ROBERTO DE TOLEDO QUADROS
GAUT;GELE7185;655045;6;MICROPROCESSADORES I;15;TER;19:00:00;20:40:00;E110;JOAO ROBERTO DE TOLEDO QUADROS
GELT;GELE7185;352446;6;MICROPROCESSADORES I;15;TER;17:20:00;19:00:00;E110;JOAO ROBERTO DE TOLEDO QUADROS
GELT;GELE7185;352446;6;MICROPROCESSADORES I;15;TER;19:00:00;20:40:00;E110;JOAO ROBERTO DE TOLEDO QUADROS
GTEL;GELE7185;552446;6;MICROPROCESSADORES I;15;TER;17:20:00;19:00:00;E110;JOAO ROBERTO DE TOLEDO QUADROS
GTEL;GELE7185;552446;6;MICROPROCESSADORES I;15;TER;19:00:00;20:40:00;E110;JOAO ROBERTO DE TOLEDO QUADROS
GAUT;GELE7194;660076;7;MICROPROCESSADORES II;15;QUA;07:00:00;08:40:00;E 214;ANDRE LUIS COSTA CANELLA
GAUT;GELE7194;660076;7;MICROPROCESSADORES II;15;QUA;08:55:00;10:35:00;E 214;ANDRE LUIS COSTA CANELLA
GELT;GELE7194;362553;7;MICROPROCESSADORES II;15;QUA;07:00:00;08:40:00;E 214;ANDRE LUIS COSTA CANELLA
GELT;GELE7194;362553;7;MICROPROCESSADORES II;15;QUA;08:55:00;10:35:00;E 214;ANDRE LUIS COSTA CANELLA
GTEL;GELE7194;577194;7;MICROPROCESSADORES II;10;TER;19:00:00;20:40:00;;ADRIANO MARTINS MOUTINHO
GTEL;GELE7194;577194;7;MICROPROCESSADORES II;10;QUI;19:00:00;20:40:00;;ADRIANO MARTINS MOUTINHO
GAMB;GEAMB1726;171726;7;MODELAGEM AMBIENTAL;30;QUA;18:10:00;21:30:00;B-211;ANNA PAULA BOURDON
GPROD;GPRO7820;407820;0;MODELAGEM EM ENG. DE PROCESSOS;15;QUI;18:10:00;20:40:00;P1-101;RAFAEL PAIM CUNHA SANTOS
GCIV;GCIV0835;700835;0;MODELAGEM ESTRUTURAL;14;TER;18:10:00;19:50:00;D-200;RICARDO RODRIGUES DE ARAUJO
GCIV;GCIV0839;790002;0;MODELAGEM HIDRÁULICA DE SISTEMAS DE ABASTECIMENTO;20;SEX;19:50:00;21:30:00;D-210;MICKAELA MIDON DA PAIXAO
GADM;GADM1776;871776;7;MODELAGEM MATEMÁTICA;55;QUI;18:10:00;19:50:00;E-303;MARCUS VAL SPRINGER
GCIV;GCIV0844;790005;0;MODELAGEM PARAMÉTRICA PARA A ENGENHARIA CIVIL;20;QUI;19:50:00;21:30:00;D-216;BERNARDO FARIA RICHTER
GFIS;GFIS8705;220016;7;MONOGRAFIA I;20;SEG;07:00:00;11:30:00;;RICARDO CARDOSO PASQUALI
GMEC;GMEC7206;190614;0;MOTORES DE COMBUSTÃO INTERNA;30;TER;18:10:00;21:30:00;E-209;THIAGO DE OLIVEIRA MACEDO
GMEC;GMEC7502;130344;4;NORMALIZAÇÃO E CONFIABILIDADE;50;SEG;09:45:00;12:20:00;D-222;LAIS AMARAL ALVES
GMEC;GMEC7502;130344;4;NORMALIZAÇÃO E CONFIABILIDADE;50;SEG;09:45:00;12:20:00;D-222;JORGE LUIZ COUTINHO DINIZ
GCIV;GCIV0812;700812;0;OBRAS DE TERRA;20;SEX;17:20:00;19:00:00;D-210;JULIANO DE LIMA
GAUT;GEXT7004;654320;5;ONDAS;12;SEX;14:35:00;16:15:00;H-105;LUIS FERNANDO DOS SANTOS
GAUT;GEXT7004;654320;5;ONDAS;12;SEX;16:30:00;18:10:00;H-105;LUIS FERNANDO DOS SANTOS
GCIV;GEXT7004;740028;5;ONDAS;50;QUI;12:50:00;16:25:00;D-322;ANTONIO JOSE SOARES MADEIRA DOMINGUES
GEL;GEXT7004;242320;5;ONDAS;14;SEX;16:30:00;18:10:00;H-105;LUIS FERNANDO DOS SANTOS
GEL;GEXT7004;242320;5;ONDAS;14;SEX;14:35:00;16:15:00;H-105;LUIS FERNANDO DOS SANTOS
GELT;GEXT7004;342320;5;ONDAS;15;SEX;14:35:00;16:15:00;H-105;LUIS FERNANDO DOS SANTOS
GELT;GEXT7004;342320;5;ONDAS;15;SEX;16:30:00;18:10:00;H-105;LUIS FERNANDO DOS SANTOS
GMEC;GEXT7004;140001;5;ONDAS;50;SEX;08:55:00;10:35:00;E-303;DIRCEU ATANAZIO PORTES JUNIOR
GMEC;GEXT7004;140001;5;ONDAS;50;SEX;10:40:00;12:20:00;E-303;DIRCEU ATANAZIO PORTES JUNIOR
GPROD;GEXT7004;440082;5;ONDAS;45;SEG;10:40:00;12:20:00;E-405;CAROLINA VANNIER DOS SANTOS BORGES
GPROD;GEXT7004;440082;5;ONDAS;45;QUA;10:40:00;12:20:00;E-405;CAROLINA VANNIER DOS SANTOS BORGES
GTEL;GEXT7004;540320;5;ONDAS;12;SEX;14:35:00;16:15:00;H-105;LUIS FERNANDO DOS SANTOS
GTEL;GEXT7004;540320;5;ONDAS;12;SEX;16:30:00;18:10:00;H-105;LUIS FERNANDO DOS SANTOS
GCIV;GCIV8002;780025;10;ORÇAMENTO, PLANEJAMENTO E CONTROLE DE OBRAS CIVIS;45;TER;18:10:00;19:50:00;D-212;JOSE ARTUR D OLIVEIRA MUSSI
GCIV;GCIV8002;780025;10;ORÇAMENTO, PLANEJAMENTO E CONTROLE DE OBRAS CIVIS;45;SEG;18:10:00;19:50:00;D-212;JOSE ARTUR D OLIVEIRA MUSSI
BCC;GCC1418;940006;4;ORGANIZAÇÃO DE ESTRUTURAS DE ARQUIVOS;40;QUI;18:10:00;21:30:00;P1-103;RENATO CAMPOS MAURO
GLEA;GLEA1874;011874;7;ORGANIZAÇÃO E GESTÃO DE EVENTOS II;40;QUA;07:00:00;08:40:00;CAMPIII206;THAIS COSTA DA SILVA
GLEA;GLEA1875;011875;7;ORGANIZAÇÕES INTERNACIONAIS E INTEGRAÇÃO REGIONAL;40;SEX;07:00:00;09:45:00;D-226;FELIPE VIDAL BENVENUTO ALBERTO
GAUT;GELE7330;656001;7;OTIMIZAÇÃO;20;QUI;14:35:00;17:20:00;PAV5 M7;PEDRO PABLO RIASCOS HENAO
GCIV;GCIV0814;790064;0;PATOLOGIAS EM ESTRUTURA DO CONCRETO;30;TER;18:10:00;19:50:00;D-210;GERSON LUIS DE ARAUJO RODRIGUES
GCIV;GCIV0825;700825;0;PERÍCIAS E AVALIAÇÕES IMOBILIÁRIA;30;QUI;17:20:00;19:00:00;P 111;MARCOS ARAUJO BRAZ DE OLIVEIRA
GADM;GADM1785;880004;8;PESQUISA OPERACIONAL;50;QUI;19:50:00;21:30:00;E-303;MARCUS VAL SPRINGER
BCC;GPRO7709;930008;0;PESQUISA OPERACIONAL I;5;QUI;09:45:00;12:20:00;E-313;ORMEU COELHO DA SILVA JUNIOR
GPROD;GPRO7709;450087;6;PESQUISA OPERACIONAL I;40;QUI;09:45:00;12:20:00;E-313;ORMEU COELHO DA SILVA JUNIOR
BCC;GPRO7710;930010;0;PESQUISA OPERACIONAL II;5;QUA;07:00:00;09:45:00;E-313;ORMEU COELHO DA SILVA JUNIOR
GPROD;GPRO7710;460091;7;PESQUISA OPERACIONAL II;40;QUA;07:00:00;09:45:00;E-313;ORMEU COELHO DA SILVA JUNIOR
GAMB;GEAMB1837;181001;8;PLANEJAMENTO AMBIENTAL;30;QUI;14:35:00;18:10:00;CAMPIII204;JUAN FELIPPE SANTIAGO DE VASCONCELLOS
GAUT;GEDA7002;656007;6;PLANEJAMENTO DA PRODUÇÃO;25;SEG;19:00:00;21:30:00;H-104;MIRIAM CARMEN MACIEL DA NOBREGA PACHECO
GEL;GEDA7002;242357;6;PLANEJAMENTO DA PRODUÇÃO;30;SEG;19:00:00;21:30:00;H-104;MIRIAM CARMEN MACIEL DA NOBREGA PACHECO
GELT;GEDA7002;342357;6;PLANEJAMENTO DA PRODUÇÃO;25;SEG;19:00:00;21:30:00;H-104;MIRIAM CARMEN MACIEL DA NOBREGA PACHECO
GMEC;GEDA7002;190613;9;PLANEJAMENTO DA PRODUÇÃO;50;SEG;19:00:00;21:30:00;H-104;MIRIAM CARMEN MACIEL DA NOBREGA PACHECO
GTEL;GEDA7002;540340;6;PLANEJAMENTO DA PRODUÇÃO;25;SEG;19:00:00;21:30:00;H-104;MIRIAM CARMEN MACIEL DA NOBREGA PACHECO
GPROD;GPRO7813;470094;7;PLANEJAMENTO DAS INSTALAÇÕES;44;QUI;07:00:00;09:45:00;E-313;MARIA CLARA LIPPI
GLEA;GLEA1858;011858;5;PLANEJAMENTO E CONSULTORIA LINGUÍSTICA;40;QUA;10:40:00;12:20:00;D-226;LEANDRO DA SILVA GOMES CRISTOVAO
GADM;GADM1771;871771;7;PLANEJAMENTO E CONTROLE DA PRODUÇÃO;50;SEX;18:10:00;21:30:00;E-415;ALEXANDRE BARBOSA MARQUES
GPROD;GPRO7805;470092;8;PLANEJAMENTO E CONTROLE DA PRODUÇÃO I;40;QUA;18:10:00;19:50:00;E-313;RAFAEL GARCIA BARBASTEFANO
GPROD;GPRO7805;470092;8;PLANEJAMENTO E CONTROLE DA PRODUÇÃO I;40;QUA;19:50:00;21:30:00;E-313;RAFAEL GARCIA BARBASTEFANO
GPROD;GPRO7822;490016;9;PLANEJAMENTO E CONTROLE DA PRODUÇÃO II;40;QUI;17:20:00;20:40:00;E-301;IGOR LEAO DOS SANTOS MONTES
GCIV;GCIV8803;770011;8;PORTOS, MEIOS E VIAS NAVEGÁVEIS;45;TER;19:50:00;21:30:00;D-212;MARCOS ARAUJO BRAZ DE OLIVEIRA
BCC;GCC1629;960010;6;PRÁTICA EM PESQUISA APLICADA;40;SEX;13:40:00;17:20:00;P1-102;EDUARDO SOARES OGASAWARA
GEL;GELE1012MA;20023;1;PRÁTICAS COMPUTACIONAIS I;20;QUA;16:30:00;18:10:00;E 214;MAURO SANDRO DOS REIS
GFIS;GFIS8102;208102;1;PRÁTICAS DE FÍSICA I;20;TER;14:35:00;16:15:00;;SHEILA CRISTINA RIBEIRO REGO
GFIS;GFIS1013MA;220011;1;PRÁTICAS DE FÍSICA I;20;TER;14:35:00;16:15:00;E-309;SHEILA CRISTINA RIBEIRO REGO
GFIS;GFIS8303;220015;3;PRÁTICAS DE FÍSICA III;20;QUI;13:40:00;15:25:00;E-309;NATALIA FERREIRA
GFIS;GFIS8503;217304;5;PRÁTICAS DE FÍSICA MODERNA;1;SEX;08:55:00;10:35:00;E-309;CAROLINA VANNIER DOS SANTOS BORGES
BCC;GADM1706;901706;0;PRÁTICAS DO MERCADO DE TRABALHO;5;QUI;16:30:00;18:10:00;CAMPIII206;YANA TORRES DE MAGALHAES
GADM;GADM1706;890006;0;PRÁTICAS DO MERCADO DE TRABALHO;30;QUI;16:30:00;18:10:00;CAMPIII206;YANA TORRES DE MAGALHAES
GTEL;GELE7380;500000;0;PRÁTICAS E PROJETOS DE REDES;20;QUA;18:10:00;19:50:00;E-202;LUIS CARLOS FONSECA MACHADO
GAUT;GELE7271;667271;0;PRINCÍPIOS DE TELECOMUNICAÇÕES;15;QUI;12:50:00;16:15:00;D-226;LUIS CARLOS FONSECA MACHADO
GELT;GELE7271;367271;0;PRINCÍPIOS DE TELECOMUNICAÇÕES;15;QUI;12:50:00;16:15:00;D-226;LUIS CARLOS FONSECA MACHADO
GTEL;GELE7271;550421;6;PRINCÍPIOS DE TELECOMUNICAÇÕES;30;QUI;12:50:00;16:15:00;D-226;LUIS CARLOS FONSECA MACHADO
GADM;GADM1736;831736;3;PROBABILIDADE E ESTATÍSTICA;55;QUA;12:50:00;16:15:00;D-224;LUIZ ROGERIO CORDEIRO DE OLIVEIRA
BCC;GCC1939;991738;0;PROCESSAMENTO DE IMAGENS;30;TER;13:40:00;17:20:00;P1-104;LAERCIO BRITO GONCALVES
GAUT;GELE7317;656004;7;PROCESSAMENTO DE SINAIS I;10;SEX;13:40:00;15:25:00;E 214;RAFAEL DA SILVA CHAVES
GAUT;GELE7317;656004;7;PROCESSAMENTO DE SINAIS I;10;SEX;15:25:00;17:20:00;E 214;RAFAEL DA SILVA CHAVES
GELT;GELE7317;362551;7;PROCESSAMENTO DE SINAIS I;10;SEX;13:40:00;15:25:00;E 214;RAFAEL DA SILVA CHAVES
GELT;GELE7317;362551;7;PROCESSAMENTO DE SINAIS I;10;SEX;15:25:00;17:20:00;E 214;RAFAEL DA SILVA CHAVES
GTEL;GELE7317;562551;7;PROCESSAMENTO DE SINAIS I;10;SEX;13:40:00;15:25:00;E 214;RAFAEL DA SILVA CHAVES
GTEL;GELE7317;562551;7;PROCESSAMENTO DE SINAIS I;10;SEX;15:25:00;17:20:00;E 214;RAFAEL DA SILVA CHAVES
GAUT;GELE7320;656008;8;PROCESSAMENTO DE SINAIS II;12;QUI;13:40:00;16:15:00;E 214;GABRIEL MATOS ARAUJO
GELT;GELE7320;307320;0;PROCESSAMENTO DE SINAIS II;12;QUI;13:40:00;16:15:00;E 214;GABRIEL MATOS ARAUJO
GPROD;GMEC7309;450086;6;PROCESSO DE FABRICAÇÃO;40;QUA;09:45:00;11:30:00;D-324;HUMBERTO NOGUEIRA FARNEZE
GPROD;GMEC7309;450086;6;PROCESSO DE FABRICAÇÃO;40;QUI;07:00:00;09:45:00;E-403;HUMBERTO NOGUEIRA FARNEZE
GMEC;GMEC7404;150490;6;PROCESSO DE FABRICAÇÃO I;50;QUI;07:50:00;08:40:00;D - Labus;MANUEL JOAQUIM DE CASTRO LOURENCO
GMEC;GMEC7404;150490;6;PROCESSO DE FABRICAÇÃO I;50;QUI;07:50:00;08:40:00;D - Labus;TATIANE DE CAMPOS CHUVAS
GMEC;GMEC7404;150490;6;PROCESSO DE FABRICAÇÃO I;50;SEX;07:00:00;12:20:00;B-211;MANUEL JOAQUIM DE CASTRO LOURENCO
GMEC;GMEC7404;150490;6;PROCESSO DE FABRICAÇÃO I;50;SEX;07:00:00;12:20:00;B-211;TATIANE DE CAMPOS CHUVAS
GMEC;GMEC7304;160583;7;PROCESSO DE FABRICAÇÃO II;50;QUA;07:00:00;09:45:00;E-303;LUIS FELIPE GUIMARAES DE SOUZA
GMEC;GMEC7304;160583;7;PROCESSO DE FABRICAÇÃO II;50;QUA;07:00:00;09:45:00;E-303;HUMBERTO NOGUEIRA FARNEZE
GMEC;GMEC7304;160583;7;PROCESSO DE FABRICAÇÃO II;50;QUI;07:00:00;08:40:00;E-303;LUIS FELIPE GUIMARAES DE SOUZA
GMEC;GMEC7304;160583;7;PROCESSO DE FABRICAÇÃO II;50;QUI;07:00:00;08:40:00;E-303;HUMBERTO NOGUEIRA FARNEZE
GAUT;GELE7335;657004;8;PROCESSO PETROQUÍMICO;20;QUI;17:20:00;19:50:00;PAV5 M7;PEDRO PABLO RIASCOS HENAO
GADM;GADM1772;871722;7;PRODUÇÃO CIENTÍFICA I;60;;;;;FABIO DE SIMONE E SOUZA
GADM;GADM1781;890002;8;PRODUÇÃO CIENTÍFICA II;100;SAB;07:00:00;10:35:00;E-301;MIRIAM CARMEN MACIEL DA NOBREGA PACHECO
GLEA;GLEA1014MA;011814;1;PRODUÇÃO TEXTUAL ACADÊMICA;5;SEX;07:00:00;09:45:00;E-209;LEANDRO DA SILVA GOMES CRISTOVAO
GAUT;GELE7347;607347;0;PROGRAMAÇÃO BÁSICA DE CLP;6;SEX;14:35:00;18:10:00;PAVILHÃO 1;FERNANDO AGUSTIN PAZOS
BCC;GCC1415;940003;4;PROGRAMAÇÃO DE SOFTWARE PARA WEB;40;TER;18:10:00;21:30:00;P1-101;DIOGO SILVEIRA MENDONCA
BCC;GCC1311;930004 B;3;PROGRAMAÇÃO ORIENTADA A OBJETOS;30;SEX;18:10:00;21:30:00;P1-102;RONILSON WILLIAME DA SILVA PEREIRA
BCC;GCC1311;930004;3;PROGRAMAÇÃO ORIENTADA A OBJETOS;30;SEX;18:10:00;21:30:00;P1-101;GUSTAVO PAIVA GUEDES E SILVA
BCC;GCC1103;910005-B;1;PROJETO DE ALGORITMOS COMPUTACIONAIS;40;QUI;14:35:00;18:10:00;P1-203;CAROLINA DE LIMA AGUILAR
BCC;GCC1103;910005-A;1;PROJETO DE ALGORITMOS COMPUTACIONAIS;0;QUI;14:35:00;18:10:00;P1-103;RENATO CAMPOS MAURO
BCC;GCC1417;940005;4;PROJETO DE BANCO DE DADOS;40;TER;14:35:00;18:10:00;P1-101;KELE TEIXEIRA BELLOZE
GCIV;GCIV0827;790003;0;PROJETO DE INTERSEÇÕES RODOVIÁRIAS;20;QUI;16:30:00;18:10:00;D-218;LUIZ AFONSO PENHA DE SOUSA
GPROD;GPRO7204;470095;8;PROJETO DO  PRODUTO;40;QUI;17:20:00;19:50:00;H-103;LUIS CESAR FERREIRA MOTTA BARBOSA
BCC;GCC1733;991733;7;PROJETO E CONSTRUÇÃO DE SISTEMAS;40;QUA;18:10:00;21:30:00;P1-101;MARCELO AREAS RODRIGUES DA SILVA
GAUT;GDES1502;607364;0;PROJETO E PROTÓTIPO II;5;QUI;15:25:00;18:10:00;E-201;MARINA RODRIGUES BROCHADO
GAUT;GDES1502;607364;0;PROJETO E PROTÓTIPO II;5;QUI;15:25:00;18:10:00;E-201;FERNANDO AGUSTIN PAZOS
GAUT;GELE7352;607361;0;PROJETO E PROTÓTIPOS I;15;QUI;12:50:00;15:25:00;E-201;MARINA RODRIGUES BROCHADO
GAUT;GELE7352;607361;0;PROJETO E PROTÓTIPOS I;15;QUI;12:50:00;15:25:00;E-201;FERNANDO AGUSTIN PAZOS
GCIV;GCIV8405;730026;4;PROJETO ESTRUTURANTE II;45;TER;19:50:00;21:30:00;D-220;RENATO SCHUMANN
GAMB;GEAMB1941;190003;9;PROJETO FINAL 1;30;QUI;18:10:00;21:30:00;E-405;HELENA RODRIGUES OLIVEIRA
GAMB;GEAMB1044;190004;10;PROJETO FINAL 2;40;;;;;DIEGO LUIZ FONSECA
GAUT;GELE7331;658001;9;PROJETO FINAL I;30;;;;;LUIZ CARLOS CAMPOS PEDROZA
GCIV;GCIV8907;780023;9;PROJETO FINAL I;45;TER;14:35:00;18:10:00;D-200;JOSE ARTUR D OLIVEIRA MUSSI
GCIV;GCIV8907;780023;9;PROJETO FINAL I;45;TER;14:35:00;18:10:00;D-200;ROSANA DISCHINGER MIRANDA
GEL;GELE7005;282560;9;PROJETO FINAL I;30;SEX;14:35:00;16:15:00;;MAMOUR SOP NDIAYE
GELT;GELE7102;382562;9;PROJETO FINAL I;25;QUI;16:30:00;19:50:00;E-213;GABRIEL MATOS ARAUJO
GELT;GELE7102;Esp Proj 1;9;PROJETO FINAL I;1;SEX;12:50:00;16:15:00;;GABRIEL MATOS ARAUJO
GMEC;GMEC7602;190612;9;PROJETO FINAL I;50;;;;;FERNANDO RIBEIRO DA SILVA
GPROD;GPRO7808;480090-A;9;PROJETO FINAL I;40;QUA;17:20:00;20:40:00;;CRISTINA GOMES DE SOUZA
GPROD;GPRO7808;480090-B;9;PROJETO FINAL I;40;QUA;12:50:00;16:15:00;;CRISTINA GOMES DE SOUZA
GTEL;GELE7202;580534;9;PROJETO FINAL I;30;;;;;GABRIEL FONTES CARVALHO DE QUEIROZ
GAUT;GELE7337;658010;10;PROJETO FINAL II;100;;;;;LUIZ CARLOS CAMPOS PEDROZA
GCIV;GCIV8003;780026;10;PROJETO FINAL II;50;SEG;14:35:00;18:10:00;D-200;JOSE ARTUR D OLIVEIRA MUSSI
GEL;GELE7315;282599;10;PROJETO FINAL II;30;SEX;14:35:00;16:15:00;;MAURO SANDRO DOS REIS
GELT;GELE7323;300007;10;PROJETO FINAL II;25;;;;;MARIA APARECIDA GONCALVES MARTINEZ
GMEC;GMEC7603;190609;10;PROJETO FINAL II;50;;;;;FERNANDO RIBEIRO DA SILVA
GPROD;GPRO7809;480092;10;PROJETO FINAL II;50;;;;;PAULA MICHELLE PURCIDONIO
GTEL;GELE7328;500007;10;PROJETO FINAL II;30;;;;;GABRIEL FONTES CARVALHO DE QUEIROZ
GPROD;GPRO7205;460095;7;PROJETO ORGANIZACIONAL;44;SEG;09:45:00;12:20:00;E-313;RAFAEL PAIM CUNHA SANTOS
GLEA;GLEA1876;011876;7;PROJETO TCC;40;QUI;18:10:00;19:50:00;;LEANDRO DA SILVA GOMES CRISTOVAO
GMEC;GMEC7305;170303;7;PROJETOS DE FERRAMENTAS;50;QUI;08:55:00;12:20:00;E-303;TATIANE DE CAMPOS CHUVAS
GAUT;GELE7360;607360;0;PROJETOS DE SISTEMAS MECÂNICOS PARA CONTROLE E AUTOMAÇÃO;5;SEG;14:35:00;17:20:00;PAV5 M6;ALDECIR ALVES DE ARAUJO
GLEA;GLEA2068MA;011902;0;PRONÚNCIA DA LÍNGUA ESPANHOLA;15;SEG;12:50:00;14:30:00;CAMPIII206;ADRIANA MARIA RAMOS OLIVEIRA
GTEL;GELE7283;570526;8;PROPAGAÇÃO DE ONDAS;50;QUI;17:20:00;19:50:00;E-215;ANA ELISA LEITAO ALONSO FERREIRA
GEL;GELE7008;282557;9;PROTEÇÃO DO SISTEMA ELÉTRICO;30;TER;15:25:00;18:10:00;CAMPIII205;THIAGO AMERICANO DO BRASIL
GLEA;GLEA2069MA;011904;0;PROTEÇÃO INTERNACIONAL DOS DIREITOS HUMANOS;15;QUA;12:50:00;14:30:00;E-401;DANILO JUNIOR DE OLIVEIRA
GTEL;GELE7286;560478;7;PROTOCOLOS;50;SEG;16:30:00;19:00:00;E-215;GABRIEL FONTES CARVALHO DE QUEIROZ
BCC;GPRO7810;930007;0;PSICOLOGIA E SOCIOLOGIA DO TRABALHO;5;TER;09:45:00;12:20:00;CAMPIII203;ALEXANDRE DE CARVALHO CASTRO
GPROD;GPRO7810;470096;5;PSICOLOGIA E SOCIOLOGIA DO TRABALHO;50;TER;09:45:00;12:20:00;CAMPIII203;ALEXANDRE DE CARVALHO CASTRO
BCC;GADM1723;990010;0;PSICOLOGIA SOCIAL;5;TER;07:50:00;09:45:00;E-403;RENATA FARIA DOS SANTOS
GADM;GADM1723;821723;2;PSICOLOGIA SOCIAL;55;TER;07:00:00;08:40:00;E-403;RENATA FARIA DOS SANTOS
GADM;GADM1744;841744;4;QUALIDADE;55;SEG;13:40:00;16:15:00;D-224;ALEXANDRE BARBOSA MARQUES
GEL;GELE7316;Esp Energ;0;QUALIDADE DE ENERGIA;25;TER;15:25:00;18:10:00;E-303;THOMAS MOREIRA CAMPELLO
GAUT;GEXT7702;650004;1;QUÍMICA;6;TER;12:50:00;14:30:00;H-104;ELTON LUIS DOS SANTOS GOMES
GAUT;GEXT7702;650004;1;QUÍMICA;6;SEX;15:25:00;17:20:00;A-302;ELTON LUIS DOS SANTOS GOMES
GCIV;GEXT7702;Esp Quim1;1;QUÍMICA;25;QUI;10:40:00;12:20:00;A-302;LUCAS ANTONIO SILVEIRA SILVA
GCIV;GEXT7702;Esp Quim1;1;QUÍMICA;25;QUA;07:50:00;09:45:00;E-308;LUCAS ANTONIO SILVEIRA SILVA
GCIV;GEXT7702;700004-B;1;QUÍMICA;6;TER;14:35:00;16:15:00;A-302;FERNANDA DE MELO PEREIRA
GCIV;GEXT7702;700004-B;1;QUÍMICA;6;QUA;12:50:00;14:30:00;H-105;FERNANDA DE MELO PEREIRA
GCIV;GEXT7702;Esp Quim2;1;QUÍMICA;25;QUA;16:30:00;18:10:00;E-308;LUCAS ANTONIO SILVEIRA SILVA
GCIV;GEXT7702;Esp Quim2;1;QUÍMICA;25;QUA;18:10:00;19:50:00;A-302;LUCAS ANTONIO SILVEIRA SILVA
GCIV;GEXT7702;700004-A;1;QUÍMICA;6;TER;12:50:00;14:30:00;A-302;FERNANDA DE MELO PEREIRA
GCIV;GEXT7702;700004-A;1;QUÍMICA;6;QUA;12:50:00;14:30:00;H-105;FERNANDA DE MELO PEREIRA
GEL;GCAP1001MA;201022;1;QUÍMICA;6;SEX;13:40:00;15:25:00;A-302;ELTON LUIS DOS SANTOS GOMES
GEL;GCAP1001MA;201022;1;QUÍMICA;6;QUI;12:50:00;14:30:00;D-222;ELTON LUIS DOS SANTOS GOMES
GELT;GEXT7702;301022;1;QUÍMICA;6;QUI;12:50:00;14:30:00;D-222;DENISE GENTILI NUNES
GELT;GEXT7702;301022;1;QUÍMICA;6;SEX;13:40:00;15:25:00;A-302;DENISE GENTILI NUNES
GMEC;GCAP1001MA;101024-B;1;QUÍMICA;3;QUI;08:55:00;10:35:00;H-102;DENISE GENTILI NUNES
GMEC;GCAP1001MA;101024-B;1;QUÍMICA;3;SEX;10:40:00;12:20:00;;DENISE GENTILI NUNES
GMEC;GCAP1001MA;101024-A;1;QUÍMICA;3;QUI;08:55:00;10:35:00;H-102;ELTON LUIS DOS SANTOS GOMES
GMEC;GCAP1001MA;101024-A;1;QUÍMICA;3;SEX;10:40:00;12:20:00;A-302;ELTON LUIS DOS SANTOS GOMES
GPROD;GEXT7702;417702-B;1;QUÍMICA;0;QUI;07:00:00;08:40:00;H-103;ELTON LUIS DOS SANTOS GOMES
GPROD;GEXT7702;417702-B;1;QUÍMICA;0;SEX;08:55:00;10:35:00;A-302;ELTON LUIS DOS SANTOS GOMES
GPROD;GEXT7702;417702-A;1;QUÍMICA;0;QUI;07:00:00;08:40:00;H-103;DENISE GENTILI NUNES
GPROD;GEXT7702;417702-A;1;QUÍMICA;0;SEX;08:55:00;10:35:00;A-302;DENISE GENTILI NUNES
GTEL;GCAP1001MA;501024;1;QUÍMICA;6;TER;12:50:00;14:30:00;H-104;LUCAS ANTONIO SILVEIRA SILVA
GTEL;GCAP1001MA;501024;1;QUÍMICA;6;TER;14:35:00;16:15:00;A-302;LUCAS ANTONIO SILVEIRA SILVA
GAMB;GEAMB1310;131310;3;QUÍMICA AMBIENTAL;40;SEG;15:25:00;19:00:00;B-211;ANDRE LEONE RIGUETTI
GAMB;GEAMB1310;131310;3;QUÍMICA AMBIENTAL;40;SEG;15:25:00;19:00:00;B-211;RODRIGO DA SILVA MACHADO
GAMB;GEAMB1102;162004;1;QUÍMICA GERAL E INORGÂNICA;10;TER;14:35:00;18:10:00;CAMPIII201;RODRIGO DA SILVA MACHADO
GAMB;GEAMB1206;121206;2;QUÍMICA ORGÂNICA;42;QUI;12:50:00;15:25:00;E-303;ANDRE LEONE RIGUETTI
GCIV;GCIV0805;700008;0;RECUPERAÇÃO DE ESTRUTURA DE CONCRETO ARMADO;20;QUA;18:10:00;19:50:00;D-320;AMARO FRANCISCO CODA DOS SANTOS
GAMB;GEAMB1624;161624;6;RECURSOS NATURAIS E CONSERVAÇÃO DE ENERGIA;30;SEX;14:35:00;18:10:00;B-211;HELENA RODRIGUES OLIVEIRA
GCIV;GCIV8806;770015;8;RECURSOS NATURAIS I;45;SEG;14:35:00;16:15:00;E-415;ANDREA SOUSA DA CUNHA FERNANDES
GAUT;GELE7272;657002;8;REDES I;20;QUA;16:30:00;18:10:00;D-224;RENATA BRAZ FALCAO DA COSTA
GAUT;GELE7272;657002;8;REDES I;20;QUA;18:10:00;19:50:00;E-202;RENATA BRAZ FALCAO DA COSTA
GELT;GELE7272;372557;8;REDES I;25;QUA;16:30:00;18:10:00;D-224;RENATA BRAZ FALCAO DA COSTA
GELT;GELE7272;372557;8;REDES I;25;QUA;18:10:00;19:50:00;E-202;RENATA BRAZ FALCAO DA COSTA
GTEL;GELE7272;572557;8;REDES I;30;QUA;16:30:00;18:10:00;D-224;RENATA BRAZ FALCAO DA COSTA
GTEL;GELE7272;572557;8;REDES I;30;QUA;18:10:00;19:50:00;E-202;RENATA BRAZ FALCAO DA COSTA
GTEL;GELE7321;580535;9;REDES II;50;SEX;15:25:00;18:10:00;E-215;GABRIEL FONTES CARVALHO DE QUEIROZ
GAUT;GELE7358;655047;0;REDES INDUSTRIAIS;5;QUI;15:25:00;18:10:00;E-201;THIAGO MONTEIRO TUXI
GMEC;GLEA1001MA;101022;1;RELAÇÕES ÉTNICO-RACIAIS E DIREITOS HUMANOS;0;QUI;07:00:00;08:40:00;B-211;MARIA CRISTINA GIORGI
GAMB;GEAMB1622;161622;6;RESÍDUOS SÓLIDOS URBANOS;30;QUA;15:25:00;18:10:00;B-211;DIEGO LUIZ FONSECA
GMEC;GMEC7005;140004;5;RESISTÊNCIA DE MATERIAIS II;50;SEG;08:55:00;10:35:00;E-305;PEDRO MANUEL CALAS LOPES PACHECO
GMEC;GMEC7005;140004;5;RESISTÊNCIA DE MATERIAIS II;50;QUA;10:40:00;12:20:00;H-101;PEDRO MANUEL CALAS LOPES PACHECO
GAMB;GMEC7006;147006;4;RESISTÊNCIA DE MATERIAIS III;50;SEG;12:50:00;15:25:00;D-226;PEDRO MANUEL CALAS LOPES PACHECO
GAUT;GMEC7006;653033;4;RESISTÊNCIA DE MATERIAIS III;15;SEX;12:50:00;15:25:00;E-301;LAIS AMARAL ALVES
GAUT;GMEC7006;653033;4;RESISTÊNCIA DE MATERIAIS III;15;SEX;12:50:00;15:25:00;E-301;JORGE LUIZ COUTINHO DINIZ
GEL;GMEC7006;233267;4;RESISTÊNCIA DE MATERIAIS III;15;SEX;12:50:00;15:25:00;E-301;LAIS AMARAL ALVES
GEL;GMEC7006;233267;4;RESISTÊNCIA DE MATERIAIS III;15;SEX;12:50:00;15:25:00;E-301;JORGE LUIZ COUTINHO DINIZ
GELT;GMEC7006;333267;4;RESISTÊNCIA DE MATERIAIS III;15;SEX;12:50:00;15:25:00;E-301;LAIS AMARAL ALVES
GELT;GMEC7006;333267;4;RESISTÊNCIA DE MATERIAIS III;15;SEX;12:50:00;15:25:00;E-301;JORGE LUIZ COUTINHO DINIZ
GPROD;GMEC7006;430074;4;RESISTÊNCIA DE MATERIAIS III;50;SEG;07:00:00;09:45:00;E-301;BRUNO PERAZZO PEDROSO BARBOSA
GTEL;GMEC7006;530262;4;RESISTÊNCIA DE MATERIAIS III;15;SEX;12:50:00;15:25:00;E-301;LAIS AMARAL ALVES
GTEL;GMEC7006;530262;4;RESISTÊNCIA DE MATERIAIS III;15;SEX;12:50:00;15:25:00;E-301;JORGE LUIZ COUTINHO DINIZ
GCIV;GCIV8406;730027;4;RESISTÊNCIA DOS MATERIAIS I;45;QUI;19:00:00;21:30:00;D-220;MARCOS ARAUJO BRAZ DE OLIVEIRA
GMEC;GMEC7004;130354;4;RESISTÊNCIA DOS MATERIAIS I;50;TER;10:40:00;12:20:00;E-405;PAULO PEDRO KENEDI
GMEC;GMEC7004;130354;4;RESISTÊNCIA DOS MATERIAIS I;50;QUI;10:40:00;12:20:00;E-401;PAULO PEDRO KENEDI
GCIV;GCIV8507;740033;5;RESISTÊNCIA DOS MATERIAIS II;45;QUA;19:00:00;21:30:00;D-218;EDGAR GULDEN GRAVATA
BCC;GADM1727;990003;0;RESPONSABILIDADE SOCIAL E RELAÇÕES ÉTNICO-RACIAIS;5;QUA;12:50:00;14:30:00;E-403;URSULA GOMES ROSA MARUYAMA
GADM;GADM1727;821727;2;RESPONSABILIDADE SOCIAL E RELAÇÕES ÉTNICO-RACIAIS;60;QUA;12:50:00;14:30:00;E-403;URSULA GOMES ROSA MARUYAMA
GFIS;GADM1727;271312;0;RESPONSABILIDADE SOCIAL E RELAÇÕES ÉTNICO-RACIAIS;5;QUA;12:50:00;14:30:00;E-403;URSULA GOMES ROSA MARUYAMA
GAMB;GEAMB1043;190009;10;RISCOS AMBIENTAIS;25;QUI;18:10:00;21:30:00;D-312;JUAN FELIPPE SANTIAGO DE VASCONCELLOS
GAUT;GELE7357;607357;0;ROBÓTICA;10;QUA;17:20:00;19:50:00;E 214;FERNANDO AGUSTIN PAZOS
GAUT;GELE7371;650000;0;ROBÓTICA PROBALÍSTICA;5;TER;17:20:00;20:40:00;E-212;MILENA FARIA PINTO
GELT;GELE7371;397293;0;ROBÓTICA PROBALÍSTICA;10;TER;17:20:00;20:40:00;E-212;MILENA FARIA PINTO
GCIV;GCIV8602;750002;6;RODOVIAS E FERROVIAS I;45;QUI;18:10:00;19:50:00;D-218;LUIZ AFONSO PENHA DE SOUSA
GCIV;GCIV8602;750002;6;RODOVIAS E FERROVIAS I;45;TER;19:50:00;21:30:00;D-210;LUIZ AFONSO PENHA DE SOUSA
GCIV;GCIV8703;760003;7;RODOVIAS E FERROVIAS II;45;QUA;19:00:00;21:30:00;D-216;CARLOS ALEXANDRE DE SOUZA E SILVA
GCIV;GCIV8702;760002;7;SANEAMENTO BÁSICO;45;SEX;17:20:00;19:50:00;CAMPIII204;MICKAELA MIDON DA PAIXAO
GAMB;GEAMB1518;151518;5;SANEAMENTO E SAÚDE AMBIENTAL;30;QUA;18:10:00;20:40:00;E-403;MARIA JOSE PAES SANTOS
GAMB;GEAMB1518;151518;5;SANEAMENTO E SAÚDE AMBIENTAL;30;QUA;18:10:00;20:40:00;E-403;DORALICE CHAGAS TAVARES
GAUT;GELE7303;655046;6;SINAIS E SISTEMAS;20;TER;12:50:00;15:25:00;H-103;ROBERTO ADES
GEL;GELE7303;252440;6;SINAIS E SISTEMAS;30;TER;12:50:00;15:25:00;H-103;ROBERTO ADES
GELT;GELE7303;352440;6;SINAIS E SISTEMAS;25;TER;13:40:00;16:15:00;CAMPIII206;GABRIEL MATOS ARAUJO
GTEL;GELE7303;552440;6;SINAIS E SISTEMAS;30;TER;12:50:00;15:25:00;E-215;RAFAEL DA SILVA CHAVES
GCIV;GCIV0826;700826;0;SINALIZAÇÃO RODOVIÁRIA;30;QUI;19:50:00;21:30:00;D-210;LUIZ AFONSO PENHA DE SOUSA
GAUT;GAUT2013MA;GAUT2013MA;0;SISTEMAS A EVENTOS DISCRETOS;10;TER;15:25:00;18:10:00;;THIAGO MONTEIRO TUXI
BCC;GCC1732;971732;7;SISTEMAS CONCORRENTES E DISTRIBUÍDOS;40;QUI;14:35:00;18:10:00;P1-102;GLAUCO FIOROTT AMORIM
GAMB;GEAMB1729;171729;7;SISTEMAS DE ABASTECIMENTO DE ÁGUA;30;QUI;18:10:00;20:40:00;B-211;JULIO CESAR OLIVEIRA ANTUNES
GAMB;GEAMB1834;181003;8;SISTEMAS DE DRENAGEM;30;TER;16:30:00;19:00:00;B-211;CLAUDIO WILSON NOBREGA
GAMB;GEAMB1730;171730;7;SISTEMAS DE ESGOTOS;30;QUI;13:40:00;16:15:00;E-307;CLAUDIO WILSON NOBREGA
GAMB;GPRO7863;190011;0;SISTEMAS DE GESTÃO INTEGRADOS;4;TER;17:20:00;19:50:00;E-403;LUIS CESAR FERREIRA MOTTA BARBOSA
GPROD;GPRO7863;407863;0;SISTEMAS DE GESTÃO INTEGRADOS;15;TER;17:20:00;19:50:00;E-403;LUIS CESAR FERREIRA MOTTA BARBOSA
GCIV;GCIV0816;790006;0;SISTEMAS DE IMPERMEABILIZAÇÃO;20;QUI;18:10:00;19:50:00;D-214;BERNARDO FARIA RICHTER
GAUT;GELE7296;656005;10;SISTEMAS DE QUALIDADE;15;QUI;18:10:00;19:50:00;E-403;LUCIANO OLIVEIRA CARINO
GAUT;GELE7296;656005;10;SISTEMAS DE QUALIDADE;15;QUI;18:10:00;19:50:00;E-403;FERNANDO RAMOS CORREA
GEL;GELE7296;200006;10;SISTEMAS DE QUALIDADE;15;QUI;18:10:00;19:50:00;E-403;FERNANDO RAMOS CORREA
GEL;GELE7296;200006;10;SISTEMAS DE QUALIDADE;15;QUI;18:10:00;19:50:00;E-403;LUCIANO OLIVEIRA CARINO
GELT;GELE7296;300006;10;SISTEMAS DE QUALIDADE;20;QUI;18:10:00;19:50:00;E-403;LUCIANO OLIVEIRA CARINO
GELT;GELE7296;300006;10;SISTEMAS DE QUALIDADE;20;QUI;18:10:00;19:50:00;E-403;FERNANDO RAMOS CORREA
GTEL;GELE7296;500006;10;SISTEMAS DE QUALIDADE;15;QUI;18:10:00;19:50:00;E-403;LUCIANO OLIVEIRA CARINO
GTEL;GELE7296;500006;10;SISTEMAS DE QUALIDADE;15;QUI;18:10:00;19:50:00;E-403;FERNANDO RAMOS CORREA
GTEL;GELE7285;570528;9;SISTEMAS DE TELECOMUNICAÇÕES;30;SEG;19:00:00;21:30:00;E-202;RENATA BRAZ FALCAO DA COSTA
BCC;GCC1309;930002;3;SISTEMAS DIGITAIS;40;TER;16:30:00;18:10:00;P1-205;CELSO AFONSO PINTO
GAUT;GELE7173;654031;5;SISTEMAS DIGITAIS;12;TER;07:00:00;08:40:00;E-212;VINICIUS COUTINHO DE OLIVEIRA
GAUT;GELE7173;654031;5;SISTEMAS DIGITAIS;12;TER;08:55:00;10:35:00;E-401;VINICIUS COUTINHO DE OLIVEIRA
GELT;GELE7173;342318;5;SISTEMAS DIGITAIS;12;TER;07:00:00;08:40:00;E 214;ANDRE LUIS COSTA CANELLA
GELT;GELE7173;342318;5;SISTEMAS DIGITAIS;12;TER;08:55:00;10:35:00;E 214;ANDRE LUIS COSTA CANELLA
GFIS;GCC1309;220010;0;SISTEMAS DIGITAIS;3;QUA;12:50:00;14:30:00;P1-205;CELSO AFONSO PINTO
GTEL;GELE7173;540318;5;SISTEMAS DIGITAIS;12;TER;07:00:00;08:40:00;E-212;VINICIUS COUTINHO DE OLIVEIRA
GTEL;GELE7173;540318;5;SISTEMAS DIGITAIS;12;TER;07:00:00;08:40:00;E-212;THAYZA MARCELA VAN DER LAAN MELO
GTEL;GELE7173;540318;5;SISTEMAS DIGITAIS;12;TER;08:55:00;10:35:00;E-401;VINICIUS COUTINHO DE OLIVEIRA
GTEL;GELE7173;540318;5;SISTEMAS DIGITAIS;12;TER;08:55:00;10:35:00;E-401;THAYZA MARCELA VAN DER LAAN MELO
GCIV;GCIV8201;710009;2;SISTEMAS E OBRAS DE ENGENHARIA PARA CIDADES;45;TER;18:10:00;19:50:00;D-224;EUNICE HORACIO DE SOUZA DE BARROS TEIXEIRA RODRIGUES
GCIV;GCIV8201;710009;2;SISTEMAS E OBRAS DE ENGENHARIA PARA CIDADES;45;QUI;18:10:00;19:50:00;D-212;EUNICE HORACIO DE SOUZA DE BARROS TEIXEIRA RODRIGUES
GCIV;GCIV8605;750005;6;SISTEMAS ESTRUTURAIS E TEORIA DAS ESTRUTURAS;45;SEG;17:20:00;19:50:00;E-307;RICARDO RODRIGUES DE ARAUJO
GMEC;GMEC7205;157205;9;SISTEMAS FLUIDOMECÂNICOS;50;TER;18:10:00;19:50:00;D-326;CARLOS EDUARDO GUEDES CATUNDA
GMEC;GMEC7205;157205;9;SISTEMAS FLUIDOMECÂNICOS;50;TER;19:50:00;22:20:00;D-326;CARLOS EDUARDO GUEDES CATUNDA
BCC;GCC1205;920003-B;2;SISTEMAS OPERACIONAIS;40;SEG;18:10:00;21:30:00;P1-204;IGOR CESAR GONZALEZ RIBEIRO
BCC;GCC1205;920003;2;SISTEMAS OPERACIONAIS;40;TER;18:10:00;21:30:00;P1-204;IGOR CESAR GONZALEZ RIBEIRO
GMEC;GMEC7204;180609;8;SISTEMAS TÉRMICOS;50;QUI;18:10:00;21:30:00;E-415;CARLOS EDUARDO GUEDES CATUNDA
GCIV;GCIV8802;770013;8;SISTEMAS VIÁRIOS;45;SEX;19:00:00;21:30:00;D-218;EUNICE HORACIO DE SOUZA DE BARROS TEIXEIRA RODRIGUES
GLEA;GLEA1857;011819;5;SOCIOLOGIA APLICADA ÀS NEGOCIAÇÕES INTERNACIONAIS;40;SEX;07:00:00;09:45:00;E-401;HENRIQUE RESTIER DA COSTA SOUZA
GEL;GELE7307;272556;8;SUBESTAÇÕES INDUSTRIAIS E EQUIPAMENTOS;30;SEG;18:10:00;19:50:00;D-318;THIAGO AMERICANO DO BRASIL
GCIV;GCIV0810;700810;0;TÉCNICAS DE TERRAPLENAGEM;30;TER;19:50:00;21:30:00;D-200;GERSON LUIS DE ARAUJO RODRIGUES
GCIV;GCIV8807;770016;8;TECNOLOGIA DAS CONSTRUÇÕES I;45;SEG;18:10:00;20:40:00;D-320;RENATO SCHUMANN
GCIV;GCIV8906;780020;9;TECNOLOGIA DAS CONSTRUÇÕES II;45;QUA;19:00:00;21:30:00;D-220;RENATO SCHUMANN
GPROD;GMEC7308;430069;5;TECNOLOGIA DE MATERIAIS;45;QUA;07:00:00;08:40:00;E-512;JORGE CARLOS FERREIRA JORGE
GELT;GELE7152;342366;6;TECNOLOGIA DOS SEMICONDUTORES;16;SEG;12:50:00;14:30:00;E 214;MARIA APARECIDA GONCALVES MARTINEZ
GELT;GELE7152;342366;6;TECNOLOGIA DOS SEMICONDUTORES;16;SEG;14:35:00;16:15:00;CAMPIII203;MARIA APARECIDA GONCALVES MARTINEZ
GCIV;GCIV8801;770010;8;TECNOLOGIA HIDRO-SANITÁRIA;45;QUA;19:00:00;21:30:00;D-214;MARCOS ARAUJO BRAZ DE OLIVEIRA
GPROD;GPRO7858;407858;0;TECNOLOGIA, FATORES HUMANOS E SOCIEDADE;15;SEG;09:45:00;12:20:00;CAMPIII201;ALEXANDRE DE CARVALHO CASTRO
GTEL;GELE7281;580001;8;TELEFONIA;30;TER;18:10:00;21:30:00;D-316;RODRIGO SILVA MELLO
GELT;GELE7292;397292;10;TELEVISÃO DIGITAL;15;QUA;19:00:00;20:40:00;H-105;MILTON SIMAS GONCALVES TORRES
GELT;GELE7292;397292;10;TELEVISÃO DIGITAL;15;QUA;20:40:00;22:20:00;H-105;MILTON SIMAS GONCALVES TORRES
GTEL;GELE7292;580537;9;TELEVISÃO DIGITAL;50;QUA;19:00:00;20:40:00;D-318;MILTON SIMAS GONCALVES TORRES
GTEL;GELE7292;580537;9;TELEVISÃO DIGITAL;50;QUA;20:40:00;22:20:00;D-318;MILTON SIMAS GONCALVES TORRES
GMEC;GMEC7620;190619;0;TENSÕES RESIDUAIS;50;SEX;07:00:00;09:45:00;E-516;PAULO PEDRO KENEDI
BCC;GCC1624;960000;6;TEORIA DA COMPUTAÇÃO;40;SEG;14:35:00;16:15:00;P1-204;JOEL ANDRE FERREIRA DOS SANTOS
BCC;GCC1624;960000;6;TEORIA DA COMPUTAÇÃO;40;QUA;14:35:00;16:15:00;P1-204;JOEL ANDRE FERREIRA DOS SANTOS
GLEA;GLEA1035MA;011835;3;TEORIA DAS RELAÇÕES INTERNACIONAIS;40;SEG;09:45:00;12:20:00;CAMPIII206;TAMIRES MARIA ALVES
GFIS;GFIS2004MA;220018;0;TEORIA DE GRUPOS;20;QUA;12:50:00;14:30:00;E-311;ALVARO LUIS MARTINS DE ALMEIDA NOGUEIRA
GFIS;GFIS2004MA;220018;0;TEORIA DE GRUPOS;20;SEX;14:35:00;16:15:00;E-305;ALVARO LUIS MARTINS DE ALMEIDA NOGUEIRA
GFIS;GFIS8004;208004;0;TEORIA DE GRUPOS;20;QUA;12:50:00;14:30:00;E-311;ALVARO LUIS MARTINS DE ALMEIDA NOGUEIRA
GFIS;GFIS8004;208004;0;TEORIA DE GRUPOS;20;SEX;14:35:00;16:15:00;E-305;ALVARO LUIS MARTINS DE ALMEIDA NOGUEIRA
GMEC;GMEC7202;140003;5;TERMODINÂMICA I;50;QUI;09:45:00;12:20:00;E-415;THIAGO DE OLIVEIRA MACEDO
GMEC;GMEC7203;140422;6;TERMODINÂMICA II;50;SEG;07:00:00;09:45:00;E-307;JONATAS MOTTA QUIRINO
GADM;GADM1783;880003;8;TÓPICOS ESPECIAIS EM ADMINISTRAÇÃO;50;SEG;18:10:00;20:40:00;H-105;CARMELITA SENO CARDEIRA ALVES
GAUT;GELE7338;658004;0;TÓPICOS ESPECIAIS EM AUTOMAÇÃO I;15;QUA;14:35:00;17:20:00;CAMPIII206;ALEXANDRE ALVES SANTIAGO
GEL;GELE7325;280002;0;TÓPICOS ESPECIAIS EM ELETRÔNICA II;20;QUA;19:00:00;20:40:00;E 214;MAURO SANDRO DOS REIS
GPROD;GPRO7856;407856;0;TÓPICOS ESPECIAIS EM GERENCIAMENTO DE PROJETOS;15;SEX;07:00:00;09:45:00;E-405;JOSE LUIZ FERNANDES
GAMB;GEAMB1412;141412;4;TOPOGRAFIA E GEODÉSIA;30;QUI;15:25:00;18:10:00;B-211;JULIO CESAR OLIVEIRA ANTUNES
GCIV;GCIV8403;730021;4;TOPOGRAFIA E GEODÉSIA;45;TER;17:20:00;19:50:00;D-322;CARLOS ALEXANDRE DE SOUZA E SILVA
GLEA;GLEA1881;111881;8;TRABALHO DE CONCLUSÃO DE CURSO;40;QUI;19:50:00;21:30:00;;LEANDRO DA SILVA GOMES CRISTOVAO
GMEC;GMEC7201;170302;7;TRANSFERÊNCIA DE CALOR;50;SEG;10:40:00;12:20:00;E-305;PAULO CESAR DA CAMARA MONTEIRO JUNIOR
GMEC;GMEC7201;170302;7;TRANSFERÊNCIA DE CALOR;50;QUA;09:45:00;12:20:00;E-305;PAULO CESAR DA CAMARA MONTEIRO JUNIOR
GEL;GELE7313;292572;10;TRANSITÓRIOS ELETROMAGNÉTICOS;20;SEX;16:30:00;19:00:00;E-301;JOAO AMIN MOOR NETO
GTEL;GELE7293;562554;7;TRANSMISSÃO DIGITAL I;30;SEG;13:40:00;16:15:00;E-215;GILSON ALVES DE ALENCAR
GTEL;GELE7207;580003;8;TRANSMISSÃO DIGITAL II;30;SEG;16:30:00;19:00:00;D-224;RENATA BRAZ FALCAO DA COSTA
GCIV;GCIV8902;780018;9;TRANSPORTE E LOGÍSTICA;45;SEG;19:50:00;21:30:00;D-216;CARLOS ALEXANDRE DE SOUZA E SILVA
GAMB;GEAMB1835;181002;8;TRATAMENTO DE ÁGUAS;30;QUA;14:35:00;18:10:00;E-401;ANNA PAULA BOURDON
GAMB;GEAMB1835;181002;8;TRATAMENTO DE ÁGUAS;30;QUA;14:35:00;18:10:00;E-401;DORALICE CHAGAS TAVARES
GAMB;GEAMB1836;181004;8;TRATAMENTO DE EFLUENTES;30;SEG;18:10:00;21:30:00;E-301;DORALICE CHAGAS TAVARES
GAMB;GEAMB1836;181004;8;TRATAMENTO DE EFLUENTES;30;SEG;18:10:00;21:30:00;E-301;ANDRE LEONE RIGUETTI
GAMB;GEAMB1833;181005;8;TRATAMENTO DE RESÍDUOS SÓLIDOS;30;QUA;18:10:00;20:40:00;E-401;DIEGO LUIZ FONSECA
GCIV;GCIV0809;700012;0;TÚNEIS;20;SEG;19:50:00;21:30:00;D-322;AMARO FRANCISCO CODA DOS SANTOS
GLEA;GLEA1856;011856;5;TURISMO E SOCIEDADE;40;QUI;07:00:00;09:45:00;CAMPIII204;CLAUDIA FRAGELLI
GAMB;GEAMB7044;190010;0;TURISMO EM UNIDADES DE CONSERVAÇÃO;20;TER;16:30:00;18:10:00;CAMPIII204;FELIPE GONCALVES FELIX
GLEA;GLEA2081MA;011905;0;TURISMO LGBTQIA+;15;QUI;12:50:00;14:30:00;CAMPIII204;FELIPE GONCALVES FELIX
GAUT;GEXT7306;653023;4;VARIÁVEIS COMPLEXAS;15;QUI;16:30:00;19:00:00;E-307;ALEXANDRE DE SOUZA SOARES
GEL;GEXT7306;232319;4;VARIÁVEIS COMPLEXAS;15;QUI;16:30:00;19:00:00;E-307;ALEXANDRE DE SOUZA SOARES
GELT;GEXT7306;332319;4;VARIÁVEIS COMPLEXAS;15;QUI;16:30:00;19:00:00;E-307;ALEXANDRE DE SOUZA SOARES
GTEL;GEXT7306;530255;4;VARIÁVEIS COMPLEXAS;15;QUI;16:30:00;19:00:00;E-307;ALEXANDRE DE SOUZA SOARES
GMEC;GMEC7508;180608;8;VIBRAÇÕES MECÂNICAS;50;SEG;18:10:00;20:40:00;D-312;FERNANDO RIBEIRO DA SILVA
